Experience_Name,Rating,Reviews,City,Country,Duration,Languages,Cost,Group_Limit,Group_Start_Cost
Positive Thinking with a Paralympic Hero,5,213,,United Kingdom,90, English,22,500,413
Sign Language With Music For Beginners,4.99,251,Atlanta,United States,60, English,30,100,300
Cardiobox with a Champion-All Abilities,4.95,82,Norwich,United Kingdom,30, English,14,30,207
Fun and Games with Drag Queens in Spain,5,14,Madrid,Spain,60, English,29,30,551
The Pony Experience,5,2,Dural,Australia,60, English,22,30,142
Sit and Get Fit with Adaptive Yoga,5,15,London,United Kingdom,60, English,17,10,69
"Russian Emperors, the Romanov Family",4.92,13,Saint Petersburg,Russia,75, English,19,30,57
Learn about blind football with Keryn,5,3,,United Kingdom,60, English,33,30,32
Healing Soul Transformation Meditation,5,1,Sedona,United States,120, English,222,1,222
Decoding the Mysteries of Cats or Why Cats Do What They Do,5,11,New York,United States,60, English,20,30,250
Fun Giant Panda Time With a Nature Guide,4.94,252,Chengdu,China,60, English and Chinese Simplified,14,100,55
Guided tour to visit giant pandas,4.98,65,Chengdu,China,75, English Chinese Simplified and Chinese Traditional,35,30,280
New Zealand Nature Highlights,4.97,773,Palmerston North,New Zealand,60, English and Chinese Simplified,13,100,456
Holidays-Fun Group Tarot with a therapy dog,4.98,184,Rockville,United States,45, English and French,34,100,120
Mexican traditional celebrations of end-of-year,4.94,54,Playa del Carmen,Mexico,60, English and Spanish,13,100,74
Take the Dog to Family Nacho Dance Party,4.9,21,Santa Cruz,United States,60, English,11,30,70
Interactive fish identification workshop,5,1,New Delhi,India,120, English,17,,
Meet a Real Life Shark Scientist,4.98,942,Cape Town,South Africa,60, English,19,500,171
Go On a Leopard Safari in Sri Lanka,4.95,465,Colombo,Sri Lanka,60, English,14,100,100
The Rugged and Wild West Coast of New Zealand,,,Franz Josef,New Zealand,60, English,4,30,15
Live Virtual Wildlife Safari in South Africa,4.85,180,Stellenbosch Farms,South Africa,90, English,26,100,256
The Art of Penguin Conservation,4.96,271,Cape Town,South Africa,90, English,20,100,21
Meet and Draw a llama,4.97,522,Sydney,Australia,60, English,29,30,223
"Meet the Woolly Sheep, Lambs on my Farm",4.92,678,Rotorua,New Zealand,60, English,15,100,4
Animal Sanctuary Virtual Experience,4.9,356,Canterbury,United States,30, English,19,30,75
Dive Under the Sea with a Shark Expert,4.95,564,Cape Town,South Africa,60, English,20,500,171
Let’s paint sea-life,5,2,Pula,Croatia,90, English,24,30,116
Wintertide Meditation with Sleepy Sheep,4.98,724,Stirling,United Kingdom,60, English,20,100,275
Seal Rescue Ireland Virtual Experience,4.95,61,Courtown,Ireland,45, English,14,30,117
Meet My Bees,5,282,Lisbon,Portugal,60, English and Portuguese,32,100,314
The Fascinating World of Primates,5,40,Munich,Germany,60, English,13,30,64
Coffee With Tom Hanks & Wilson the Goats,5,8,Clinton,United States,60, English,13,30,120
Tortuguero and the green turtle,5,118,Guapiles,Costa Rica,60, Spanish and English,11,30,40
Safari Animals with a Nature Guide,4.92,163,Cape Town,South Africa,90, English,18,30,103
Amazing Panda Park Adventure,4.83,12,Chengdu,China,60, English Chinese Simplified and Chinese Traditional,17,30,156
Virtual Visit to an Animal Sanctuary,4.89,297,Sonoma,United States,60, English,15,30,150
Visit an Apiary and Learn About Bees,5,25,Mexico City,Mexico,90, Spanish and English,25,10,74
Animals Love Reiki,5,42,Folsom,United States,60, English,30,10,60
Save Africa's Wildlife a Snare at a Time,5,30,Johannesburg,South Africa,90, English,18,30,171
Cat Behavior Help with a Behaviorist Pro,5,129,New York,United States,60, English,150,2,150
À la découverte du Chien et du Chat,,,Brains-sur-les-Marches,France,60, French,21,10,59
Conoce al perro de agua Mexicano Axolotl,5,6,Mexico City,Mexico,60, Spanish,13,10,15
Remote Rescue Goats,4.97,481,Napanoch,United States,90, English,18,100,250
Learn The Language of Animals,5,17,Greater Sudbury,Canada,60, English,32,,
Conserve Cambodia's Endangered Wildlife,4.95,59,Krong Preah Vihear,Cambodia,75, English,18,30,100
Leader-sheep Skills,5,14,Stirling,United Kingdom,60, English,17,30,248
Unwind with Virtual Horse Meditation,5,1,Ottawa,Canada,60, English,19,15,267
Walk in to the Taj Mahal with a professional Tour Guide,4.81,43,Agra,India,60, English,10,30,134
Happy Hour n' a Half Cocktail Game Show,4.95,352,Bath and North East Somerset,United Kingdom,90, English,21,100,206
Forbidden City Treasure Hunt from home for Kids and Parents,5,4,Beijing,China,60, English,13,8,70
Once Upon a Time - Read Korean Folktales,4.98,369,Seoul,South Korea,60, English,9,30,153
Celebration of Day of the Dead in Mexico,4.95,245,Mexico City,Mexico,90, English Spanish and French,20,100,98
Virtual walk through Rome historical center,,,Roma,Italy,60, English,17,30,65
"Irish Village, History, Culture & Craic",4.97,1932,Dublin,Ireland,60, English,19,500,175
Drawn from Within with a New York Artist,4.98,759,New York,United States,60, English,22,500,129
A Journey Through Venice and its Canals,4.97,229,Venice,Italy,60, English,11,30,115
Indigenous Fashion with Expert Artisan,5,23,Havre,United States,60, English,13,15,100
Malta Experience - Personal itinerary,5,6,Msida,Malta,60, English,12,30,12
Create a Mexico City trip with Ricardo,4.97,31,Mexico City,Mexico,60, English and Spanish,4,100,4
Diwali Special - Get Creative with Interactive Street Art,4.97,564,New Delhi,India,60, English and Hindi,21,500,61
Drawing session,4.9,244,Oaxaca City,Mexico,45, Spanish and English,12,30,123
Drabble Writing for Creatives,4.96,25,Fletcher,United States,60, English,9,10,200
Making 1000 Origami Cranes Together,4.99,111,Nara,Japan,60, English,22,30,176
Discover the dark stories of Milan while walking its streets,,,Milan,Italy,60, English Spanish and Portuguese,23,30,92
"Drink and Draw, blind contour fun",5,62,Gulfport,United States,60, English,24,30,95
"Hallyu Campus Tour, Korean Universities",,,Seoul,South Korea,60, English,7,30,13
Discover Buenos Aires' Street Art & Sketch With a Specialist,4.97,739,Buenos Aires,Argentina,60, English and Spanish,15,500,150
Guided Doodle Session,,,Johannesburg,South Africa,75, English,12,20,62
Discover Interior Design Secrets,4.99,158,Florence,Italy,60, English and Italian,24,50,154
Lai Thai: Draw Ancient Thai Illustrations,4.86,29,Chiang Mai,Thailand,90, English,10,10,91
Explore Beer and Chocolate Pairings,5,23,Toronto,Canada,60, English,13,30,17
Diwali Special - The Wonder That Is India!,4.99,196,Bengaluru,India,60, English,13,100,127
A Party in Paris with a Parisian,4.94,1547,Paris,France,60, English,19,100,186
Hanoi History Recap,,,Hanoi,Vietnam,60, English,7,10,53
"Uncover Pompeii with an Archaeologist, virtual holiday trip",4.98,1010,Pompei,Italy,60, 5 languages,18,500,175
Sistine Chapel Behind The Scenes Tour,5,4,Rome,Italy,60, English and Italian,35,30,146
How To Caricature,4.97,122,Novato,United States,120, English,16,100,100
How to understand modern art,,,Milan,Italy,90, English,9,6,9
Step by step virtual Art class,,,Kissimmee,United States,60, English,20,,
Crime and Handwriting Analysis,4.98,40,Greater London,United Kingdom,60, English,27,100,110
"True or false, So Funny Facts about Peru",5,5,Lima,Peru,60, English and Spanish,8,30,11
Origami Fun with a Japanese festive Instructor,4.98,50,Kamagaya City,Japan,60, English and Japanese,16,100,141
Creative Smartphone Photography at Home,4.98,427,Berlin,Germany,60, English,25,50,98
Outlander's Inverness - Literary History,5,5,Inverness,United Kingdom,60, English,14,30,69
Harry Potter and the City of Porto,5,18,Porto,Portugal,75, English Spanish and Portuguese,7,15,13
Design an Idea in a Playful Way,4.95,38,Paris,France,90, English and French,23,8,233
Zoom around panoramic Amsterdam,5,9,Amsterdam,Netherlands,60, English and German,14,30,49
"Colourful Buenos Aires, Urban Art",,,Buenos Aires,Argentina,45, English and Spanish,12,30,100
Watercolor painted natal chart & reading,5,200,Barcelona,Spain,60, English Spanish and Portuguese,76,8,76
Walk live a medieval Castle in the city of Milan,,,Milan,Italy,45, English,23,30,92
Get a Japanese Furoshiki cloth and make a pretty hand bag,,,Tokyo,Japan,60, English and Japanese,88,10,351
Sydney Harbour Bridge Virtual Tour,,,Sydney,Australia,45, English and Portuguese,29,30,23
Angkor Wat Virtual Tour,5,3,Krong Siem Reap,Cambodia,60, English and Spanish,15,30,60
"Culture, Food and Lifestyle of Kenya",4.8,5,Nairobi,Kenya,75, English,15,30,100
Hidden in Plain Sight,5,4,Singapore,Singapore,60, English,12,30,75
Discover History through Escape Rooms,4.94,580,Florence,Italy,60, English and Italian,18,30,117
Plan a trip to Amalfi & Naples area with a local expert,,,Amalfi,Italy,60, English,12,100,117
Explore Beijing Must-see Sights,4.94,99,Beijing,China,60, English,5,30,280
Munich virtual tour with Paul,,,Munich,Germany,60, English,47,10,59
A Colorful Holiday in India's Golden Triangle -Stories& more,5,44,New Delhi,India,60, English,17,100,121
Learn How to Analyze Handwriting,4.97,215,London,United Kingdom,60, English,33,100,165
Van Gogh Find Yourself,4.91,411,New York,United States,60, English,20,30,50
The Brooklyn Street Art & Graffiti Tour,5,6,New York,United States,45, English,12,10,99
Valletta Virtual Tour,4.98,43,La Valeta,Malta,60, English and Spanish,5,30,59
"Discover Naples-Origin, Cults, Legend",4.97,33,Napoli,Italy,60, English,18,100,105
Discover Lisbon's Stunning Street Art,4.99,338,Lisboa,Portugal,60, English and Portuguese,11,100,125
Learn the Art and Business of Candles,,,Hatfield,St. Elizabeth,75, English,40,6,500
Explore Street Art in Romania,,,București,Romania,90, English,18,10,59
"Stream Live From home to Asakusa, Tokyo",,,Tokyo,Japan,60, English,22,11,176
Creative Connection Heart Based Art and Readings,5,1,Palmerston North,New Zealand,45, English,57,3,142
Natural Dye and Shibori Experience,5,37,South Kuta,Indonesia,90, English and Japanese,18,30,143
Learn to Draw with Japan's Manga University,4.96,94,Tokyo,Japan,90, English and Japanese,19,100,176
Have fun by painting in mono type,,,Napoli,Italy,90, English and Italian,18,30,117
Explore Ghibli spots in Japan,4.99,137,Tokyo,Japan,75, English and French,14,30,132
Sip and Dream,,,Tannersville,United States,120, English,20,20,200
Zoom Around Panoramic Barcelona,4.92,180,Barcelona,Spain,75, English German and Dutch,16,30,49
Light painting at home,,,Praha,Czech Republic,120, English,23,4,74
Reveal Awesome Street Art In Athens with a local expert,4.98,664,Athens,Greece,60, English,9,100,47
Batik Painting with Malaysia Artisan,5,1,Kuala Lumpur,Malaysia,60, English Indonesian and Malay,10,,
Valley of The Kings Virtual Tour,4.88,64,Luxor,Egypt,90, English,15,30,90
Hand-painted sandals from Spain,5,4,Barcelona,Spain,60, English and Spanish,140,100,581
Pop up art,,,Athens,Greece,75, English,18,6,16
Origami and the Essence of Japan,4.98,281,Koto City,Japan,60, Japanese and English,11,30,9
Explore the Harmony Georgetown,4.88,26,George Town,Malaysia,90, English,7,10,37
Design a Woolly Hat in New Zealand,5,6,Atiamuri,New Zealand,60, English,50,40,4
Planning a Trip to Kenya with a Local,5,4,Nairobi,Kenya,30, English,5,8,80
Hands-on Collage Art Holidays Edition,5,205,Barcelona,Spain,90, English and Spanish,26,100,93
Virtual walk through Ancient Rome ruins,5,94,Rome,Italy,60, English and Italian,17,30,65
Get Inside Tokyo Anime & Subcultures,4.96,167,Tokyo,Japan,60, English and Japanese,27,30,395
A Live Walk Around Hanoi Old & French Quarter With A Local,4.78,18,Hanoi,Vietnam,60, English and Vietnamese,12,10,31
Introduction to Roman Mosaic-making,,,Rome,Italy,45, English,14,10,53
Meet a mermaid & learn about Mermaiding,,,Barcelona,Spain,30, English and Spanish,26,4,88
"Jewish Ghetto of Venice, the history",4.98,47,Venice,Italy,90, English and Italian,14,8,59
Planning a Trip to Egypt with a Local,5,1,Luxor City,Egypt,45, English,25,30,5
Amazing World of Japanese Fake Food,5,4,Osaka City,Japan,60, English,9,100,71
Wonderful Amazing Argentina with a local,5,3,Barcelona,Spain,75, English and Spanish,12,30,59
Sketch while travel Kuala Lumpur,5,1,Kuala Lumpur,Malaysia,120, English Malay and Chinese Simplified,13,10,121
Painting for Fun Acrylics Made Easy,5,6,Hallandale Beach,United States,90, English,24,10,300
Trans-Siberian Railway amazing adventure,5,5,Buenos Aires,Argentina,75, English and Spanish,14,30,50
Mindfulness Tea Ceremony,5,135,Nishinomiya City,Japan,75, English,18,30,97
Create a Portrait of a Pet with Collage,4.96,111,Barcelona,Spain,90, English and Spanish,19,30,175
にほんご Japanese characters made easy,5,27,Kyoto,Japan,60, English,14,30,44
"Venice, play with Art and be a Doge",5,9,Venice,Italy,60, English and Italian,7,20,59
Autumn Kyoto Hidden Zen Garden,4.98,82,Kyoto,Japan,90, English,19,100,92
The Zen Art of Rock Balancing,4.98,50,San Francisco,United Kingdom,60, English,35,500,349
My success with prosthetic adaptations,5,36,,United Kingdom,75, English,35,500,123
Nairobi Kenya Virtual Tour With A Paparazzi,,,Nairobi,Kenya,60, English,13,16,100
Fluid Art Class & Happy Hour Optional,5,23,Los Angeles,United States,60, English,24,30,25
Create and interpret your healing Mandalas,4.92,78,Cusco,Peru,90, Spanish and English,21,20,127
How to Paint with Red Wine,4.95,218,Barcelona,Spain,60, English Spanish Romanian and Russian,14,30,59
Discover Indonesia with Batik Art,4.89,9,Singapore,Singapore,90, English Indonesian and Chinese Simplified,9,8,45
It's Time to Write Your Book,4.98,160,Sydney,Australia,60, English,34,3,34
"Japan's hidden beautiful places top 10. For peace of mind, or preparation for the trip.",5,23,Tokyo,Japan,60, English,14,100,44
Venice must-sees with an art historian,5,6,Venice,Italy,60, English,18,8,93
Explore Street Art in Bucharest,5,4,Bucharest,Romania,90, English,19,10,59
Learn to Paint with Wax,,,Orange Bay,Jamaica,120, English,120,6,500
Beginning Art Class - specific style,5,1,Hamilton,Canada,60, English,61,5,324
Relax by painting nature in watercolors,5,6,Napoli,Italy,90, English and Italian,16,30,93
Wonderful Amazing Barcelona with a local,4.85,20,Barcelona,Spain,75, English,12,30,59
Drinks and Drawing with a Drag Queen,5,6,Sydney,Australia,90, English,26,20,371
Ultra-Immersive Vr Guided Tour of Kyoto,5,1,Kyoto,Japan,75, English Japanese and Chinese Simplified,27,10,219
Contemporary art class,,,Paia,United States,120, English,88,10,500
Discover Milan / Virtual Visit & Trivia,5,5,Milano,Italy,75, English,12,100,64
A Walk Among 1200 Sacred Statues in Kyoto,4.97,330,Kyoto,Japan,90, English,19,100,92
Draw Yourself with a Berlin-based Artist,4.97,31,Berlin,Germany,90, English,19,30,88
Make a Traditional Mexican Piñata,5,29,Mexico City,Mexico,25, Spanish and English,31,10,308
Having a great time in Cusco,5,7,Cusco,Peru,60, English,11,15,77
Fun exciting Art and Drum Meditation,4.83,6,Nairobi,Kenya,60, English,16,10,25
Medellin: From violence to innovation,4.96,196,Medellin,Colombia,90, Spanish and English,19,30,133
Live Interactive Tour Riverside Secrets,,,Lisboa,Portugal,180, English Spanish and Portuguese,18,30,175
Fun Hour with Taj Mahal - Symbol of Love - Musical Quiz Tour,4.96,110,Delhi,India,60, English,10,30,134
Singapore City Live Virtual Walking Tour,5,11,Singapore,Singapore,60, English,26,30,38
Heartland Living in Crazy Rich Singapore,5,1,Singapore,Singapore,60, English,12,8,38
Traditional Indian Rug Weaving Workshop,4.95,19,Jodhpur,India,75, English,3,30,27
Paint Like Bob Ross,5,6,Ottawa,Canada,120, English,37,30,122
The Barcelona Espadrilles Workshop,4.99,371,Barcelona,Spain,60, English,111,500,581
Hearst & Hollywood at Hearst Castle,5,15,San Simeon,United States,75, English,16,30,200
"Tokyo Online Tour All in One! For happy hour event, or preparation for the trip!",4.94,635,Taito city,Japan,60, English,16,100,44
Personal or Couples Handwriting Analysis,5,6,Greater London,United Kingdom,60, English,81,,
Explore Creative and Wild Writing / Halloween Edition,4.88,8,Cali,Colombia,75, English and Spanish,12,20,80
Create Mexican Stories with Art,4.97,225,Mexico City,Mexico,60, English and Spanish,12,30,42
Try Drawing Manga Illustration w/pro,5,36,Osaka City,Japan,60, English and Japanese,19,20,37
Istanbul Street Grafiti Art Virtual Walk,4.88,24,Istanbul,Turkey,60, English,8,30,134
Paint cats and dogs with a lot of good humor,5,2,Napoli,Italy,90, Italian and English,18,30,82
Photography Composition w/ Lisbon images,4.91,11,Lisbon,Portugal,90, English,24,10,209
Travel Journal with Watercolor,4.85,52,Fresno,United States,120, English,23,30,18
Discover Chechnya and its unique culture,4.93,29,Chechnya,Russian,60, English,15,10,85
Discover Sicily and its street food,4.94,68,Celafu,Italy,90, English Spanish French and Italian,14,100,70
An In-depth virtual tour of Shanghai,5,2,Shanghai,China,60, English,16,30,280
Design your trip to Barcelona with Gemma,5,1,Barcelona,Spain,30, English,24,1,24
Parliament Palace & whims of a dictator,5,5,Bucharest,Romania,120, English,13,20,13
The Night Tour & Homa Experience in Okadera Temple in Japan,5,1,Asuka Village,Japan,60, English,18,30,176
Experience Vienna at home,4.75,4,Vienna,Austria,60, German and English,12,30,105
Walk live Milan streets and discover it's amazing Cathedral,5,2,Milan,Italy,45, English Spanish and Portuguese,23,30,92
Explore Amazing Chiang Mai Temples,5,1,Chiang Mai,Thailand,120, English,27,,
Intro to Writing and Publishing Books,5,144,Zirconia,United States,60, English,15,10,100
Drink and Draw,4.96,674,Lisbon,Portugal,90, English,19,50,99
The Wonder That Is The Taj Mahal & The Moguls,4.97,235,Bengaluru,India,60, English,13,100,127
"Caravaggio in Rome, A Virtual Tour",4.98,110,Rome,Italy,60, English and Italian,19,100,105
Take professional photos even with your cell phone,4.84,25,Rio de Janeiro,Brazil,90, Portuguese English and Spanish,23,30,110
Calligraphic Textures,5,12,Cluj-Napoca,Romania,90, English,19,7,71
Mastering Novel Writing with a Bestselling Author,4.98,92,Hartford,United States,60, English,32,,
Virtual coin toss in the Trevi fountain,5,4,Rome,Italy,60, English,13,30,65
The Women of Graffiti,4.96,71,Rio de Janeiro,Brazil,90, Portuguese and English,10,30,101
Complete Guide to Geisha Culture,4.97,33,Nishinomiya City,Japan,60, English and Japanese,16,30,97
Ikebana〜Learn the beauty of simplicity & heal yourself,5,20,Kyoto,Japan,60, English and Japanese,15,30,71
Plan a Venice venture with Giulia,5,9,Venice,Italy,30, English,24,8,59
Design Tips for Small Spaces,5,12,New York,United States,60, English,35,4,120
Moroccan Henna Art Discovery,5,7,Marrakesh,Morocco,60, English,17,6,111
Virtual Interior Design Consultation,,,New York,United States,60, English and Spanish,65,1,150
"Homemade Authentic Mexican Crafts, Alebrijes",4.93,81,Mexico City,Mexico,90, Spanish and English,13,100,98
Drawing by Japanese popular caricature artist,5,5,Tokyo,Japan,30, English,27,10,85
Quito Virtual Guide & Traditions,4.96,91,Quito,Ecuador,90, English and Spanish,10,30,200
Urban Art of Rome - Ostiense District,5,13,Rome,Italy,60, English and Italian,18,30,117
Give the T-shirt a second chance,5,5,Florence,Italy,75, English German and Italian,47,10,93
Impressionism 'a rebellious art',5,3,Paris,France,60, English,13,6,79
Making Comics and Stories with an Artist,4.83,6,Brussels,Belgium,60, English French and Russian,16,30,82
Photo Private Workshop,5,3,Essen,Germany,60, German Czech and English,41,3,41
"Try Sumi-e, Japanese Ink Painting",4.95,21,Saitama City,Japan,60, English and Japanese,18,30,27
"Hidden Treasure in Korea, Inje",5,12,Gangwon Province,South Korea,75, English,13,10,127
Intuitive Writing Workshop - Hollywood,4.95,143,Los Angeles,United States,60, English,29,100,65
Live Virtual walk around the Colosseum,5,25,Rome,Italy,60, English,17,30,65
One-on-One Writing Coaching with a Published Author,5,37,Zirconia,United States,60, English,25,,
,5,4,Tokyo,Japan,90, Japanese,44,2,44
Embroidered a Mexican skull,5,2,Mexico City,Mexico,25, Spanish and English,6,8,40
Gaudis masterpieces & mosaic technique,4.86,44,Barcelona ,Spain,60, English German and Spanish,18,30,59
Relax & Unwind With Meditative Art,5,16,Elizabeth,United States,60, English,15,30,63
Paint Picasso,4.96,27,Barcelona,Spain,90, English Spanish and Italian,35,30,175
How to Become Polish in One Hour,4.97,114,Krakow,Poland,60, English and Spanish,13,30,102
Photographing food and still life in your home,5,11,Ferrara,Italy,45, Italian and English,12,10,59
Lakota Star Quilts with Master Quilter,4.97,36,Eagle Butte,United States,60, English,14,10,12
Explore Chinese Tea Culture,,,Shantou City,China,90, Chinese Simplified,31,10,94
Virtual tour of Cordoba & Tile Printing,5,1,Cordoba,Spain,120, English,19,,
Jewelry exhibition and design workshop,5,4,Leighton Buzzard,United Kingdom,60, English,21,30,103
Eco-friendly Bojagi wrapping,4.8,5,San Leandro,United States,60, English and Korean,15,10,60
Live the passion of tango and its poetry,5,1,Buenos Aires,Argentina,60, Spanish and English,12,30,20
Let 's paint the Florence Dome,4.97,34,Florence,Italy,90, English,18,20,59
Origami for Any Age and Level,5,17,Lisboa,Portugal,60, French and English,18,30,88
Draw Sketch and a Postcard Together,4.81,16,Kiev,Ukraine,90, English and Russian,18,6,46
Create a dammit/stress doll,5,6,Amsterdam,Netherlands,90, English,30,30,88
Daily meditation art practice,4.89,9,Cape Town,South Africa,120, English,48,6,41
"Drawing from Dreams, Sedona Style",5,28,Sedona,United States,90, English,20,4,60
Chai Tea Masterclass-(VEGAN Friendly),5,64,Jaipur,India,30, English,11,100,134
Make Cannoli with Sicilian Home Chef,4.96,449,Milano,Italy,75, English and Italian,19,30,70
Baklava Cooking Class with Turkish Mom,5,11,Istanbul,Turkey,60, English,33,6,163
Vegan Indonesian Street-Food Desserts,4.97,30,Denpasar,Indonesia,60, English,12,20,72
Bake Pastel de Nata with Portuguese Chef,4.97,276,Lisbon,Portugal,120, English Spanish French and Portuguese,30,30,204
"Moroccan Tagine, Moroccan Crepes and Cookie",4.98,487,Marrakech,Morocco,175, French Arabic and English,15,30,122
Halloween Edition - Eastern European Pastries with Lenka,4.99,299,New York,United States,90, English Czech and Slovakian,29,100,229
Italian Ice Cream what a passion,5,5,Manarola,Italy,60, Italian and English,24,30,233
Prepare something Sweet for Teatime,5,5,Buenos Aires,Argentina,30, 6 languages,12,30,100
Puerto Rico Holiday Cocktail and Pastelillos,4.97,37,New York,United States,60, English and Spanish,21,30,50
Prepare The Delicious Chocotorta,4.5,2,Buenos Aires,Argentina,45, 6 languages,12,30,100
Virtual Macaron Class,,,D.C.,United States,120, English,65,10,625
The Art of Turkish Breakfast with Burak,4.97,192,Istanbul,Turkey,90, English,14,100,222
Soulfull Biscuit Making,5,320,New York,United States,60, English,22,100,600
The Flour Hour,4.97,35,Portland,United States,60, English,10,10,80
Easy and delicious Montreal-style Bagels,4.98,106,Montreal,Canada,60, English and French,35,30,211
Turkish ravioli - Mantı with Turkish mom,5,3,Istanbul,Turkey,60, English,33,6,163
Bake pepparkakor with your family,5,5,Vaglia,Italy,90, Italian English and Swedish,24,20,93
"Tart Tatin, the French Apple Pie",4.98,44,Nice,France,60, English and French,14,30,140
Gözleme Cooking Class with Turkish Mom,5,8,Istanbul,Turkey,60, English,27,6,66
Japanese curry bread from scratch,5,6,Tokyo,Japan,175, English,18,6,66
Sicilian almond pastries and pudding,5,13,Palermo,Italy,60, English,18,30,198
Crusty French Baguette Recipe,4.96,212,Nice,France,60, English and French,16,30,151
Learn to Make Perfect Pies,5,12,Montreal,Canada,75, English,32,30,122
Sweet Treats and Sleight of Hand,4.98,117,Johannesburg,South Africa,60, English,18,30,335
The Ultimate Cookie Class,4.97,30,Montreal,Canada,90, English,34,30,98
World Champion Tiramisu and funny Italian gestures,4.99,560,Olgiate Comasco,Italy,60, English,24,100,209
Japanese matcha or fruits chiffon cake,5,13,Tokyo,Japan,120, English,18,10,66
Make Vegan Brownies with the Family,5,38,Medellin,Colombia,60, Spanish and English,9,,
Cookie Lovers Wanted -Bake with KeKe,5,1,Nashville,United States,60, English,13,10,90
"Bake a Magic Cake, French modern cuisine",5,36,Nice,France,60, English and French,14,30,140
French Chocolate mousse and Lime mousse French lady chef,4.95,44,Riverview,United States,60, English and French,10,30,100
Easy and impressive French Macarons,4.97,196,Montreal,Canada,90, English and French,54,30,243
Luxurious French profiteroles & eclairs,4.8,5,Montreal,Canada,60, English,37,30,122
"Pasta and Tiramisu, Italian excellence",,,Siena,Italy,120, Italian and English,35,10,93
Baking Melon-pan with a nutritionist,5,6,Matsudo,Japan,25, English,22,30,88
Bake Pastel de Nata with a Local,4.97,365,Maia,Portugal,90, Portuguese English and Spanish,30,30,639
Family fun Italian tiramisù cookalong,5,16,Venice,Italy,60, English,24,30,93
Apple pie and Irish coffee,5,2,Galway,Ireland,60, English,35,30,204
Decorated Cookies and Alfajores Class,5,2,Montevideo,Uruguay,90, Spanish and English,16,30,229
Baking Irish Scones and Brown Bread Zoom,4.95,113,Galway,Ireland,60, English,30,30,175
California Cooking with a Pro,5,1,San Francisco,United States,90, English,50,30,600
"Mochi, Ice Cream Mochi & Mochi Donuts",4.93,40,San Leandro,United States,90, English,32,30,250
Pasta with the Grandmas Autumn version,4.98,2238,Palombara Sabina,Italy,90, English and Japanese,38,500,291
Cook Spanish Paella with a Top Chef,4.97,1066,Barcelona,Spain,90, English,35,100,349
"Luca & Lorenzo, Our Family Pasta Recipe",5,1786,Lastra a Signa,Italy,120, English,35,500,349
Make Mexican Street Tacos with a Pro Chef,4.98,3587,Mexico City,Mexico,90, English and Spanish,21,500,208
Top Peruvian Recipes with an Expert Chef,4.99,191,Cusco,Peru,90, English and Spanish,18,30,51
Make Gnocchi and Ravioli at Home,4.97,1117,Florence,Italy,90, English and Italian,26,500,186
Learn To Make Argentine Empanadas,4.97,1187,Medellin,Colombia,120, English and Spanish,16,100,72
A Sandwich Masterclass with a Pro,4.97,913,New York,United States,60, English,15,500,150
Italian Masterclass - Gnocchi & Tiramisù,5,749,Sorrento,Italy,120, English,19,30,163
Diwali Special- Make Samosa & Coriander Chutney From Scratch,5,654,New Delhi,India,75, English,16,100,147
Interactive Indian cooking class with us,4.99,574,Jaipur,India,175, English,16,30,147
Diwali Special-Art of Indian Curry Recommended by BuzzFeed,5,17,Gurugram,India,75, English,27,100,167
Making Asian street food with family and friends,5,4,Kawanishi,Japan,60, English,18,6,106
Mamma Mia - Italian Pizza Cooking Class,4.95,132,Milano,Italy,75, English,21,30,82
Chinese Dim Sum and Street Food Cooking,5,8,Bangkok,Thailand,175, English,16,30,150
Easy Balinese Indonesian Home Cooking,4.99,783,North Denpasar,Indonesia,175, English,23,30,107
"From My House to Yours, Thai Cooking",4.98,458,Bangkok,Thailand,120, English,30,100,304
Diwali Special Vegetarian Menu-Cook Indian Dishes like a Pro,5,29,Delhi,India,75, English,27,100,167
A Big Love to Vietnamese cuisine,4.96,213,Ho Chi Minh City,Vietnam,120, English,19,30,75
Brazilian Recipes with Chef Mariana,4.96,114,San Paulo,Brazil,75, Portuguese and English,16,30,46
Cooking with a Moroccan Family,4.96,893,Marrakech,Morocco,90, English Arabic and French,11,30,9
Meals with Mini - Authentic Indian Food,5,2,Encinitas,United States,120, English,20,10,200
Korean Food Revolution,4.98,812,London,United Kingdom,90, English,22,30,165
Making & Eating Soup Dumplings vegan Ok,4.99,690,Shanghai,China,120, English and Chinese Simplified,27,500,308
Cook Beijing Style Noodles&Soy Bean Paste with Top Chef(vegan ok),4.98,96,Beijing,China,120, Chinese Simplified English and Chinese Traditional,17,30,436
Pizza class with Italian Pizza chef,4.99,72,Florence,Italy,75, English,19,15,87
Learn to Cook a Sri Lankan Meal at Home,4.96,135,Colombo,Sri Lanka,90, English,16,15,100
Get a taste of VietNam with Eat HoiAn,5,42,Hoi An City,Vietnam,120, English,16,15,66
Learn to Cook Mexican Salsas,4.99,695,Mexico City,Mexico,90, English Spanish French and Japanese,39,100,222
Chinese Home cooking and Language Learning,5,26,Bangkok,Thailand,90, English,16,30,150
Uyghur Hand-Pulled Noodle- Lagman,5,62,Rotterdam,Netherlands,120, English,29,30,290
Easy Indonesian Nasi Goreng Cooking,5,3,Tegallalang,Indonesia,90, English,12,20,13
Prepare delicious Churros with a Chef,4.94,209,Mexico City,Mexico,175, English and Spanish,21,100,209
"Pasta, Cocktails, Jokes & Live Music",4.91,33,Rome,Italy,90, English,40,15,348
Enjoy Mango Sticky Rice and Coconut Soup,5,89,Chiang Mai,Thailand,90, English and Thai,17,8,114
Cook Traditional Mexican Classics with a Chef,4.98,153,Mexico City,Mexico,90, English and Spanish,21,100,209
Cook Greek with Julia-Meze and Koulouri,4.98,513,Athens,Greece,120, English,34,30,186
Authentic Turkish Cooking with Fatima-Karniyarık & Pilav,5,9,Istanbul,Turkey,90, English and German,19,30,65
Desi Indian punjabi curries,5,10,Delhi,India,90, English and Hindi,11,10,54
Cooking Most Popular Indonesian Cuisines,5,43,Denpasar,Indonesia,120, English,23,20,192
Spice it up with Dancing Indian Chef,4.99,149,Berlin,Germany,60, English,19,100,157
Amazing Italian Pasta experience,4.99,583,Rome,Italy,90, 6 languages,24,100,116
Kenyan spiced tea & sweet Swahili treats,,,Nairobi,Kenya,90, English,16,30,150
"Fran Argentine Empanadas & Chimichurri, for holidays season!",4.97,674,Buenos Aires,Argentina,120, English,15,100,100
Learn Pizza Perfect,4.93,41,Florence,Italy,75, English,23,100,145
Fresh Pasta with two Sicilian Farmers,4.97,191,Noto,Italy,90, English and Italian,26,30,290
The Valencia Paella Workshop,5,57,Valencia,Spain,75, English,23,100,111
Dancing on the Dough: Ramen in Japan,5,480,Oiso Town,Japan,120, English and Japanese,25,30,123
Discover Vietnamese cuisine & stories,5,1,Hoi An City,Vietnam,60, English,16,8,115
Spice Up Life with Thai Food,4.92,175,Bangkok,Thailand,75, English,23,26,90
Cook gyoza from scratch,4.99,217,Tokyo,Japan,175, English,18,30,66
Moroccan Home Cooking or Pastries,4.98,482,Rabat,Morocco,90, English Arabic and French,16,30,177
Chop Like a Chef Knife Skills Class,5,25,Salt Lake City,United States,120, English Spanish and Portuguese,26,30,250
Fall/Winter Cooking with Tisha,,,San Jose,United States,90, English,45,10,360
Learn Authentic Indian Flavour With Us,4.95,420,Jodhpur,India,90, English and Hindi,20,30,127
Art of making Great Indian Feast,5,6,Delhi,India,90, English,18,15,80
Master Fave Street Thai Noodles - Pad See Eew,,,San Francisco,United States,45, English,28,30,280
Prepare Caprese Ravioli at home,5,1,Sorrento,Italy,75, English and Italian,14,15,70
Boring Indian Curry Workshop,4.98,200,Singapore,Singapore,90, English and Hindi,26,100,260
"Spaghetti aglio, olio e peperoncino",,,Ferrara,Italy,75, English,18,6,105
"Philippines, Food, Drinks, History",4.93,75,Manila,Philippines,60, English,12,10,79
Art of making street food of India,5,13,Delhi,India,90, English,14,25,80
Authentic Kenyan food with a home cook,5,23,Nairobi,Kenya,90, English,25,100,200
Famous Food from Bali Indonesian Cooking,5,5,Ubud,Indonesia,120, English,12,20,13
Real Spanish Tapas & Sangria,5,51,Barcelona,Spain,90, English,35,100,348
Learn Indian Vegeterian Delicacies with Neha,4.75,4,Khajuraho,India,120, English,14,10,94
Festivals and Culture of India in all its Glory & Colour,,,Delhi,India,75, English and Hindi,26,100,280
The real Arancini Siciliani w/ Riccardo,5,36,Rome,Italy,175, English and Italian,24,15,140
Cook Argentinian creole Fried Cakes,5,1,Buenos Aires,Argentina,45, English and Spanish,12,30,100
"Tiramisù, ice cream & sorbet, all secrets",4.97,134,Milano,Italy,75, English and Italian,29,30,116
Learn to cook vegetarian meal & dessert,5,34,Jaipur,India,75, English,16,30,67
Indonesian Mie Goreng or Friend Noodle,5,3,Ubud,Indonesia,90, English,12,20,13
Polish pierogi cooking class,4.98,207,Krakow,Poland,90, English,18,30,115
Explore Kenyan Cuisines Culture & music,4.97,447,Nairobi,Kenya,90, English,31,100,200
Chocolate & Pistachio choose the dessert,4.98,60,Manarola,Italy,75, English and Italian,27,30,232
Make Mexican Fiesta Essentials with Chef,4.96,144,Mexico City,Mexico,175, English and Spanish,21,100,209
Cook Argentinean Tortilla,5,4,Buenos Aires,Argentina,45, 6 languages,12,30,100
Cook a 3-courses Italian meal,4.55,20,Paris,France,60, French English Spanish and Italian,140,30,290
Cook tasty Patagonian Tapas,5,1,Buenos Aires,Argentina,60, English German Spanish and French,12,10,80
Bread and Moroccan Treats Made Easy,4.97,36,Marrakech,Morocco,60, 5 languages,16,30,14
Food and Tourism in Italy & Albania,4.95,22,Bologna,Italy,90, English and Italian,2,30,12
Dumpling Making from my Family Recipe,4.99,267,Seattle,United States,120, English Chinese Simplified and Chinese Traditional,35,30,280
Cooking with Chef G,,,Byron Bay,Australia,90, English,29,10,149
Golden Milk / Turmeric Latte -Master Class (Vegan Friendly),5,4,Jaipur,India,30, English,10,501,100
Savoury French Crepes and Bechamel sauce,4.99,71,Paris,France,75, English,17,100,174
Traditional Bolognese sauce and pasta like my Grandma,5,22,Bologna,Italy,120, English,23,10,174
Lazy Pierogi - Polish Communist Recipes,5,1,Krakow,Poland,60, English,22,30,199
"Moroccan Tajine, Tea and Tapas with Aman",5,1,Antalya,Turkey,120, English,18,15,13
Turn Butter into Ghee with Dancing Chef,5,10,Berlin,Germany,60, English,16,100,116
Cook the Best Ceviche with Chef Melissa,4.99,131,San Isidro,Peru,90, Spanish and English,25,15,163
"Pasta, Italian recipes and Opera music",4.98,865,Tavarnelle Val di Pesa,Italy,90, 6 languages,29,100,290
Lao Food Cooking with a Lao Chef,5,7,Luang Prabang,Laos,90, English,19,,
Japanese Cuisine with Chef Inata,5,3,Kyoto,Japan,60, English,9,,
Porcini Risotto cooking class with Enzo,5,10,Cava de' Tirreni,Italy,60, 11 languages,27,30,115
Cook the Most Famous Spanish Tapa,5,20,Madrid,Spain,60, English,34,12,24
Dance with me and let’s cook Pad Thai & Mango Sticky Rice,,,Ko Lanta Yai,Thailand,120, English,22,25,120
Advanced Taco Tuesday with a Pro Chef,4.99,299,Mexico City,Mexico,175, English and Spanish,21,100,209
The Thai Pantry,4.95,123,Chiang Mai,Thailand,75, English and Thai,19,30,44
Cooking the most famous Moroccan Dish with a Moroccan,5,4,Marrakech,Morocco,175, English,11,3,40
Swahili cooking,5,1,Dar es Salaam,Tanzania,60, English,25,20,25
Bali Home Cooking,5,16,Ubud,Indonesia,90, English,11,20,68
Awesome & traditional guacamole recipe,4.89,28,Cabo San Lucas,Mexico,60, English and Spanish,16,30,99
Let's Make Chilean Empanadas Together,4.98,184,Santiago,Chile,120, Spanish and English,22,500,66
Make Hand-Pulled Noodles (Vegan Friendly),5,745,Shanghai,China,175, English and Chinese Simplified,28,100,249
Tapas and Sangria Master Class,4,2,Arroyo de La Miel,Spain,90, English and Spanish,34,30,82
Veggie paella with a local,5,6,Valencia,Spain,120, 11 languages,18,100,58
Taste Home Cooked Indian Food with Me,5,22,Berlin,Germany,90, English and Hindi,14,15,116
Cooking Korean Party Food Jabchae,5,38,Seoul,South Korea,90, English,17,30,94
Cooking Most Favorite Balinese Food,5,14,Ubud,Indonesia,90, English Indonesian and Malay,15,20,200
Eat Greek with Jimmy the Greek,4.9,10,Toronto,Canada,90, English,17,10,154
Japanese Food Trivia Night,4.97,92,Tokyo,Japan,60, English,14,30,127
"Nam Prik Ong, Thai Style tomato sauce",5,7,Chiang Mai,Thailand,75, English,9,10,30
Delicious Korean Recipes-Kimchi tofu etc,4.98,96,Seoul,South Korea,75, English,17,30,47
Curry On with Indian Food,5,1,Belmont,United States,75, English,30,12,300
Vegan Ramen Cooking Class,,,Tokyo,Japan,90, English,27,10,132
Simple Quiche Recipe with a French chef,4.99,77,Nice,France,60, English and French,14,30,140
Master Japanese home cooking with mom,4.98,57,Tokyo,Japan,75, English,14,25,158
Gazpacho & Sangria with a Top Chef,5,1,Barcelona,Spain,90, English,35,100,348
Meditation with Cacao Ceremony,5,27,Londra,United Kingdom,90, English and Turkish,28,,
Spanish Tapas Like My Grandma Used to Make,4.88,216,Malaga,Spain,90, English and Spanish,20,30,140
Curate Spices and Create Indian Dishes,5,20,New Delhi,India,90, English and Hindi,26,100,200
"Tamales Fiesta, from a Mexican Chef",4.99,142,Mexico City,Mexico,120, English and Spanish,32,30,296
Cook Jamaican Food with Jamaicans,5,12,Montego Bay,Jamaica,60, English,20,10,15
The Local Indian Cuisines | Street Food,5,30,Jaipur,India,60, English,19,30,100
Prepare an Aperitivo with a Gastronomist,5,15,Rome,Italy,60, English and Italian,105,10,209
Sicilian panini with meatballs or eggplant parm,5,1,Rome,Italy,90, English,28,10,93
Traditional paella with a local,5,3,Valencia,Spain,175, 9 languages,18,20,58
Cook Pad Thai like a Real Thai,4.95,271,San Francisco,United States,60, English and Thai,32,30,320
Making Hummus with a Lebanese Chef,5,175,Toronto,Canada,60, English and Arabic,17,30,21
Portuguese Tapas Class,4.97,461,Lisboa,Portugal,90, English Spanish and Portuguese,29,100,198
French onions soup,5,15,Nice,France,60, English and French,14,30,140
Japanese No Gluten Recipes with Soybean Pulp,5,1,Kyoto,Japan,60, English,22,10,219
K-pop dance class with a K-pop choreographer,4.93,60,Seoul,South Korea,60, Korean and English,19,30,38
Spiced Drinks with Dancing Indian Chef,5,32,Berlin,Germany,60, English,18,100,157
The Most Complete Carnival Experience,5,15,Rio de Janeiro,Brazil,90, English and Portuguese,19,30,156
Yoga-Dance Class with Juliana Mendonca,4.91,23,Oakland,United States,60, English and Spanish,12,8,40
Dance & Cook with Dancing Indian Chef,5,2,Berlin,Germany,60, English,17,100,203
Dance Salsa and Latin Music From Scratch,4.98,460,Bogota,Colombia,60, Spanish and English,20,30,43
Conditioning with Capoeira (Special Carnival Edition),4.97,116,Rio de Janeiro,Brazil,60, Portuguese English Spanish and Italian,9,30,28
Discover Japanese Obon stories and festivals in summer,,,Hanyu City,Japan,60, English and Japanese,5,10,18
Tango Lesson Where Passion and Fun Meet,4.99,256,Barcelona,Spain,60, English and Spanish,16,100,41
Dance the ‘stress’ away,5,13,Lisboa,Portugal,60, Portuguese and English,5,15,116
Tango Intro by Argentinian Experts,4.99,446,Caba,Argentina,60, English Spanish French and Portuguese,15,30,50
Tango Through the History of Argentina,4.93,221,Buenos Aires,Argentina,60, English Spanish and Portuguese,10,100,39
Dance with a Jamaican,4.97,147,Negril,Jamaica,60, English,12,30,10
Balinese Dance and Culture,5,63,Semarapura,Indonesia,60, English French Italian and Portuguese,13,30,50
Russian Ballet class Online,5,7,Moscow,Russia,60, English and Russian,29,4,71
Rio’s carnival backstage live experience,4.95,313,Rio de Janeiro,Brazil,60, English French and Portuguese,16,30,147
Cuban Salsa Dance Class and Latin Party,4.99,69,Puerto Vallarta,Mexico,75, English Spanish French and Portuguese,12,30,40
Sweat It Out in a Bhangra Dance Class,5,45,Raleigh,United States,60, English,20,100,200
Booty Shake with Colombian Choreographer,4.98,114,Medellin,Colombia,60, English Spanish and Portuguese,14,20,66
A bailar salsa cubana pasos libres,,,Turku,Finland,60, English and Spanish,18,6,12
Biodanza - the dance of life,5,1,Buenos Aires,Argentina,90, English German and Spanish,12,10,100
Brazilian Samba class,5,48,Rio de Janeiro,Brazil,60, Portuguese English Spanish and French,19,20,207
Gypsy Flamenco Fiesta & Dance Lesson,5,47,Seville,Spain,60, English Spanish and Italian,20,30,99
High Kicks & Precision Jazz Dance,5,18,New York,United States,75, English,40,10,350
Learn to Chair Dance from home,5,1,Paris,France,60, English,10,10,35
Discover New Zealand's culture with Māori Merv,5,1,Whangarei City,New Zealand,60, English,18,30,460
Joytime - Dance Improvisation,5,10,New York,United States,60, English,25,30,39
Afro-Peruvian Dances and Live Music,5,9,Lima,Peru,75, Spanish and English,17,20,53
Flamenco Class&Party with Spanish Dancer,4.99,229,Sevilla,Spain,60, English and Spanish,18,100,70
Mezcal & Tequila Cocktail Masterclass,4.97,893,Mexico City,Mexico,90, English and Spanish,30,100,296
Worlds Top Coffee Masterclass,4.96,2746,Mexico City,Mexico,60, English and Spanish,9,500,79
Fun Argentine Wine Class with Local Somm,4.99,1290,Buenos Aires,Argentina,60, English Spanish and Portuguese,21,100,220
Boozy Drag Queen Bingo,4.97,478,San Francisco,United States,60, English,30,30,300
The Circus Factory,4.88,65,Lisbon,Portugal,60, English Spanish French and Portuguese,29,500,406
Quick Classic Cocktails - Two Ways,4.97,154,Los Angeles,United States,60, English,19,100,250
Holidays- Drinks and Fun Tarot for Groups,4.95,129,St Petersburg,United States,60, English,30,100,125
Hidden Jazz Club,4.96,741,London,United Kingdom,60, English,21,500,413
Happy Halloween with Caipirinha classes from Rio,4.99,355,Rio de Janeiro,Brazil,60, English Spanish and Portuguese,12,100,229
Wine Class with a Cool Wine Expert,4.98,918,Porto,Portugal,60, English,23,100,231
Italian coffee with a Paralympic champion,5,15,,Italy,45, Italian English and Spanish,18,500,116
Explore the Wine and Wellness of Italy,4.98,170,Toronto,Canada,60, English,17,30,33
GINspiration History & Cocktails at Home,4.96,1738,Bath,United Kingdom,90, English,21,100,207
The Shaun Jay Virtual Magic Experience,5,22,Raleigh,United States,45, English,30,30,500
Cocktail History & Mixology Class,4.98,241,Minneapolis,United States,90, English,29,100,399
Egyptian family day,4.98,96,Luxor City,Egypt,45, English Arabic and Italian,11,100,60
Wine Tasting from France with a Somm,4.97,91,Paris,France,60, English Spanish Italian and Portuguese,21,30,126
The Tequila Madness Interactive Workshop,4.99,167,Mexico City,Mexico,175, English,26,30,150
Tarot reading & Argentinian Mate ritual,4.98,108,Buenos Aires,Argentina,90, Spanish and English,19,30,55
Cocktails Masterclass With Uk Champion,4.97,474,London,United Kingdom,75, English and Portuguese,21,30,104
Beer Drinking with the Brits,4.99,271,London,United Kingdom,90, English,17,100,99
Secrets of Japanese Whiskey,4.95,176,Osaka City,Japan,75, Japanese and English,15,100,92
Brew Masala Chai with a Gujarati South Indian,,,Boulder,United States,30, English,38,30,250
All of the Coffee With producer from Colombia,4.89,271,Bogota,Colombia,60, Spanish and English,10,30,54
Colombian Coffee from Bean to Cup,4.99,212,Medellin,Colombia,60, English and Spanish,22,30,160
Vagabond Vintner's Global Mulled Wines,,,Hartford,United States,90, English,17,10,150
Make Turkish Red Lentil Balls with Ceyda,5,2,Antalya,Turkey,90, English,13,6,11
Guide to American Craft Beer Culture,4.97,75,Austin,United States,90, English,15,30,50
All About Mezcal with a Oaxaca Sommelier,4.96,252,Austin,United States,60, English and Spanish,14,100,150
"Learn the easiest tea, Indian Spicy tea, Secret Spices",5,2,Udaipur,India,30, English French and Hindi,2,6,10
Turkish Coffee Fortune Telling,4.97,304,New York,United States,60, English,50,30,195
"Bartender's Signature, The Old Fashioned",5,6,New York,United States,60, English,38,20,100
Boosting Immune with Jamu herbal drink,5,4,Tegallalang,Indonesia,60, English,9,20,9
Argentine Malbec Wine and Tasting,5,1,Buenos Aires,Argentina,45, English German French and Portuguese,12,30,100
Virtual Sherry tasting tour from Cadiz,5,2,Vejer de la Frontera,Spain,60, English,12,10,93
Italian Aperitivo Spritz Bellini & Hugo,5,103,Provincia di Treviso,Italy,60, English and Italian,23,30,140
Whisky nosing and tasting,5,3,Edinburgh,United Kingdom,90, English,18,10,104
Chardonnay Pairing Art in South Africa,4.96,26,Cape Town,South Africa,90, English,14,30,172
"Mate, Argentina's Famous Drink & Tasting",4.98,52,Buenos Aires,Argentina,45, English German Spanish and Portuguese,12,30,100
Learn how to saber a bottle of Champagne,4.98,139,Epernay,France,60, French and English,12,30,47
Whiskey & Cocktails To 'e' Or Not To 'e',5,15,Bath,United Kingdom,90, English,17,30,207
Wines from Spain for Beginners,,,Valencia,Spain,60, English,18,,
Wine Tasting Around Austria,,,Vienna,Austria,90, English,18,10,174
Secrets of Champagne by a local expert,4.99,76,Reims,France,60, French English Spanish and Russian,14,30,116
How to make Limoncello - Amalfi coast,5,13,Cava de' Tirreni,Italy,60, 10 languages,46,30,115
An Irishman's Guide to Irish Whiskey,4.98,261,Galway,Ireland,60, English,14,20,145
Georgia- discover the birthplace of wine,4.99,105,Gremi Village,Georgia,75, English,14,100,125
Tequila vs Mezcal Cocktail Mayhem Class,5,29,Mexico City,Mexico,175, English,26,30,150
Tropical Cocktails w/ @theparadise.bartender,4.67,24,Honolulu,United States,60, English,24,10,300
Cigar Tasting from Miami's Little Havana,5,102,Miami,United States,60, English and Spanish,13,30,100
London Trip Planning with Linton and Glenn,5,17,London,United Kingdom,60, English,35,8,69
Wine Tasting Around the World,5,31,Vienna,Austria,90, English,18,10,174
Moroccan Tea Ceremony,,,Essaouira,Morocco,60, English and Spanish,20,30,133
Traditional Japanese Alcohol with a Bartender,5,32,Kumamoto City,Japan,75, Japanese and English,11,10,106
Beer Tasting / Cicerone Course,,,Rio de Janeiro,Brazil,25, English Spanish and Portuguese,46,30,92
Uncover the Secrets of Sancerre Wine,5,19,Sazeray,France,60, English,29,15,165
How to Pair Wine and Food with Laura,4.97,31,Syracuse,United States,45, English,12,20,125
Wonders of Winemaking From Our Vineyard,4.9,81,Varna,Bulgaria,60, English,10,20,89
Mai Tais & Magic; a crazy tiki bar show with Jack Spareribs,4.96,171,Sacramento,United States,90, English,35,30,400
Cocktails and Stories From Vietnam,4.98,127,Hội An,Vietnam,75, English French and Russian,19,30,91
How To Make Every Cocktail in the World,4.98,64,Minneapolis,United States,90, English,25,30,249
"Peruvian Booze Creations, Pisco Making",4.99,149,Lima,Peru,60, English and Spanish,9,30,26
Discover the History of Women in Beer,4.99,97,Austin,United States,75, English,15,30,50
From Bean to Cup Coffee Master Class,4.99,78,Heroica Puebla de Zaragoza,Mexico,60, English and Spanish,20,100,320
Izakaya & Sake Culture with a Sommelier,4.98,122,Tokyo,Japan,60, English,14,30,79
"Japanese tea ceremony, tea meditation",5,4,Kyoto City,Japan,45, English,18,10,132
Craft Cocktail & Spirits Masterclass,4.97,125,New York,United States,90, English,30,30,150
Pierogi - Polish Communist Recipes,5,5,Krakow,Poland,90, English,22,30,153
Wine Tasting Demystified - Taste Wine with a Pro Sommelier,4.97,136,Troodos,Cyprus,60, English and Greek,15,30,116
"Chanting, crystals & manifesting",5,4,Tulum,Mexico,45, English,40,13,123
Sake Secrets from Japan's Oldest Brewery,4.97,602,Tokyo,Japan,60, Japanese and English,10,100,114
New Zealand Wine & Travel Experience,4.95,64,Nelson,New Zealand,90, English,20,20,107
Italian Spiced Wines of the Past with an Archaeologist,4.97,623,Napoli,Italy,60, Italian and English,18,100,116
Fancy an old fashioned &discover Spirits,4.9,21,Montreal,Canada,60, English and French,17,14,14
Kombucha Masterclass in Arizona,5,3,Chandler,United States,90, English,15,10,60
Pastel de Nata & Sangria Class with Chef,5,2,Porto,Portugal,175, English,23,10,116
Miami-Cuban Cocktails For Private Groups,4.96,257,Miami,United States,45, English,16,100,160
Russian Roulette Vodka Quiz game,5,29,Mosca,Russian Federation,60, English,15,30,141
"How To Make Every Cocktail in the World, Volume Two",4.92,13,Minneapolis,United States,90, English,20,30,249
Wine-lover class with a roman Sommelier,5,4,Rome,Italy,90, English,24,6,116
Cocktail Cabinet aka Mix it like a Pro,4.82,39,Singapore,Singapore,90, English,24,16,186
"Cuccumella, the art of coffee in Naples",5,1,Salerno,Italy,60, English,14,30,93
"Amalfi coast limoncello, try it",5,213,Salerno,Italy,60, English,18,30,93
Explore Chinese tea culture,,,Shantou City,China,90, Chinese Simplified,31,10,94
Learn about Teas from a Tea Sommelier,4.9,31,Bengaluru,India,60, English and Hindi,22,30,114
Tea tasting with a Tea Sommelier,4.97,34,Hamilton,Canada,45, English,17,30,65
"Handmade carbonara pasta, Spritz&Rossini",4.99,190,Milano,Italy,75, English and Italian,29,30,116
Healing Concert Cellist & Japanese Monk,4.95,558,Osaka City,Japan,30, English,8,30,176
Andrew Lee Magic,5,228,Kuala Lumpur,Malaysia,45, English,45,30,602
Explore Card Magic,4.97,425,Kremenchuk,Ukraine,60, English,26,500,308
Tiny Theatre presents Halloween Hi-Jinks Mystery Game,,,South Florida Gulf Coast,United States,60, English,25,100,400
From Paris with Laughs - The Scavenger Hunt,5,24,Paris,France,60, 15 languages,11,100,105
The Positive Connection,4.94,17,Florence,Italy,60, Italian and English,16,30,174
Piano Meditation Concert from Paris,4.98,387,Paris,France,60, English German and French,14,10,174
Self-Love Spell Creation Course,4.97,37,Los Angeles,United States,60, English,30,30,120
Master Improvisation In One Hour,4.93,103,New York,United States,60, English,49,100,490
Family Magic Show and Magic Lesson,4.96,1049,Chiyoda City,Japan,60, Japanese English and Indonesian,25,500,300
Magic & Scam for honest people,4.88,153,Lyon,France,60, French and English,14,30,116
Secrets of Magic,4.97,1058,Berkhamsted,United Kingdom,90, English,28,500,550
This Is Magic,4.98,115,Kuala Lumpur,Malaysia,45, English,25,100,403
Tango Concert with Latin Grammy Nominee,4.98,1056,Buenos Aires,Argentina,60, English and Spanish,15,500,300
"Magic, Murder and a Cup of Tea",5,68,Calgary,Canada,60, English,26,30,377
"Believe, A Virtual Magic Experience",5,67,Singapore,Singapore,45, English,30,20,497
Beyond the Magic,4.97,348,Singapore,Singapore,60, English and Chinese Simplified,26,100,371
Magic & Mentalism with David Rosenfeld,4.98,385,New York,United States,45, English,25,30,650
Thrilling Escape Game with a Magic Show,4.98,53,London,United Kingdom,90, English,24,30,94
Dan Chan The Millionaires' Mentalist,4.9,81,San Francisco,United States,30, English Chinese Simplified and Chinese Traditional,50,500,1000
Bring Magic Home,4.99,137,Toronto,Canada,90, English,24,30,78
Feel the Magic & Joy Unfold on screen,4.95,20,Bengaluru,India,45, English,14,30,107
Mysteries & Magic in Peru – An Interactive Experience,4.96,187,Lima,Peru,60, English and Spanish,30,100,255
Interactive Magic & Illusion Show,5,197,New York,United States,60, English,17,30,525
Interactive Magic & Mentalism Show,4.91,85,Sacramento,United States,45, English,25,25,150
Virtual Magic Corporate Getaway,5,3,Toronto,Canada,60, English,21,30,203
Classical Piano Concert Live from Vienna,4.99,154,Vienna,Austria,60, English,16,30,115
Shadows in the Dark- A Spooky Magic Show,5,6,Singapore,Singapore,60, English,26,30,371
An Evening with a Flamenco Composer,4.92,375,Madrid,Spain,75, English and Spanish,13,100,301
"Digital Deceptions, Virtual Magic Show",4.95,43,Singapore,Singapore,45, English and German,26,30,390
Tiny_Theatre Interactive Murder Mystery,4.97,286,Fort Myers,United States,175, English,33,100,460
"The Gorgeousity - a playful, art-making, musical adventure",,,Philadelphia,United States,90, English,15,,
Magic show & mentalism show lesson trick,4.94,18,New York,Poland,60, English,26,30,72
Magic & Illusion with a Master Magician,4.98,174,Sydney,Australia,60, English and Italian,23,30,164
Unique Concert from Istanbul,5,55,Istanbul,Turkey,60, English Azerbaijani and Turkish,14,30,57
Concert with Scottish folksinger,4.93,15,Glasgow,United Kingdom,60, English,28,30,275
Singer-songwriter concert in Italy,4.99,80,Fornoli,Italy,75, English and Italian,7,10,82
Virtual Classical Music Tour of Vienna,4.86,7,Vienna,Austria,60, English,27,30,174
Canada's Old West History in Song & Tale,5,19,Okotoks,Canada,60, English,29,10,223
Intimate Gig from Somewhere in the World,4.97,34,Londra,United Kingdom,60, English Spanish and Italian,9,30,165
Drag Queen Bingo Live from Madrid,4.87,355,Madrid,Spain,90, English and Spanish,34,30,667
"Cello Meditation Concert, end-of-year edition",4.98,730,Amsterdam,Netherlands,60, English,26,500,638
Magic & Oddities with Jack Spareribs; professional show-off,4.91,77,Sacramento,United States,90, English,29,30,350
A musical journey to Italy with folk songs for Halloween!,4.98,179,Rome,Italy,60, English and Italian,24,100,209
"Uruguayan music, adventures and Candombe",5,42,Montevideo,Uruguay,60, Spanish and English,12,30,19
Japanese Healing Songs by Romantic Guitar Solo,4.96,26,Tokyo,Japan,45, English,18,10,106
Improvised Stories of the World Concert,5,71,Singapore,Singapore,90, English,38,30,297
Tiny_Theatre presents A Mystery Game,4.98,42,Fort Myers,United States,75, English,20,100,300
Nashville Concert w/ Emmy Nominated host,4.96,73,Nashville,United States,60, English,16,500,290
Into the Mystical Music of Lisbon Fado,4.98,147,Lisboa,Portugal,60, 5 languages,17,40,105
Holiday Concert from Iceland,4.95,258,Reykjavik,Iceland,60, 6 languages,25,100,500
'no Spain no Game' The Fabulous Game !,4.93,2298,Barcelone,Spain,60, 11 languages,16,500,105
Project Avatar virtual escape room,4.83,29,Lviv,Ukraine,90, English Russian and Ukrainian,42,30,167
No Sedentary-Live Like Animals,5,234,Chengdu,China,45, 18 languages,1,30,175
"Halloween Special, Harry Potter Magic in Edinburgh Tour",4.97,1125,Edinburgh,United Kingdom,60, English German Spanish and French,18,100,179
Tarot Reading and Meditation for Halloween,4.98,602,Dubai,United Arab Emirates,45, English and Hindi,45,100,96
Follow a Plague Doctor Through Prague,4.91,2996,Prague,Czech Republic,60, English,19,500,183
Living Room Legends Scavenger Hunt Game,4.91,2057,Austin,United States,60, English and Spanish,12,100,112
Falling Into Fall With Sign Language,4.99,183,Athens,United States,60, English,20,100,300
Not So Scavenger Hunt -Let the madness begin this holiday,5,10,Delhi,India,60, English and Hindi,11,100,54
Healing and De-stressing Eight Section Brocades,5,8,Beijing,China,30, English and Chinese Simplified,10,30,156
"Astrology Workshop, Birth Chart Reading",4.97,644,Lisboa,Portugal,60, English,53,12,128
Virtual hike/walk in the Amalfi coast,4.98,59,Agerola,Italy,60, 11 languages,4,100,150
The Ultimate Movie Trivia Night - Box Office Now Open,5,26,Delhi,India,60, English,17,100,101
Treasure Hunt - The Forgotten Recipe,4.99,145,Cavriglia,Italy,60, Italian and English,12,26,59
Halloween enchanted tale with tarot and oracle cards,5,7,Dubai,United Arab Emirates,45, English,31,100,96
"Georgian culture, legends & traditions",4.98,97,Tbilisi,Georgia,75, English,14,100,125
Halloween Tarot Readings for Teams & Groups,4.93,280,Austin,United States,60, English,60,30,235
Learn and Train with Samurai in Tokyo,4.94,162,Tokyo,Japan,60, English and Japanese,18,30,176
Battle it Out -Iconic Team Building Game Challenge,5,3,Delhi,India,60, English,11,100,67
Stress Busting-Children Games for Adults - Festival Special,5,5,Delhi,India,60, English,11,100,67
Explore Astronomy with an Astrophysicist,5,2,Blue Mountains,Australia,75, English and French,23,30,223
De-stress & Re-energise with Qigong,4.98,54,,Australia,60, English,15,500,371
Bizarre Food Kingdom,5,11,Beijing,China,60, English,16,10,125
Secrets of Queen’s Gambit & Wine,5,139,Lisboa,Portugal,60, English Spanish French and Portuguese,20,100,291
World Wonder-Bucket List Great Wall,4.95,191,Beijing,China,45, English and Chinese Simplified,19,30,389
Art of reinvention with Simidele Adeagbo,4.97,153,,Nigeria,60, English,37,500,2500
"Happiness meditation, end-of-year special edition",4.95,464,Playa del Carmen,Mexico,60, English and Spanish,15,500,147
"Saints & Sinners, The Awesome Irish Game",5,19,Dublin,Ireland,60, English,18,100,209
Family Fitness with Annia Hatch,5,6,,United States,60, English and Spanish,50,10,450
Speed Skating session with an Olympian,5,10,,United Kingdom,60, English,28,30,330
Holiday Retreat - Sun Yoga & Music hour for the overworked,5,16,Delhi,India,60, English and Hindi,17,100,81
AirD&D Theater of the Mind,5,38,Vancouver,Canada,120, English,16,12,61
Japanese Samurai Town History Walk,4.96,71,Chigasaki,Japan,45, English,18,100,88
Highlights of the Old Town in Munich,5,4,Munich,Germany,90, English and German,12,30,209
Improv at Work,5,5,San Francisco,United States,60, English,40,30,800
Barcelona Storytelling w/ Craft,4.98,160,Barcelona,Spain,60, English Catalan and Spanish,12,15,151
Paella and Sangria Master Class,4.83,6,Arroyo de La Miel,Spain,90, Spanish and English,34,30,82
Laughter for Wellbeing,4.95,79,London,United Kingdom,60, English,29,30,412
Authentic Apple Crepe with a French chef,4.97,397,Nice,France,60, English and French,14,30,140
Fitness & healthy Asian Fusion Recipes,5,39,Paris,France,90, English and French,17,100,175
Talk Show 100% Barça w/ SportsJournalist,5,10,Barcelone,Spain,60, English Spanish and French,65,10,140
French sweet and savory crepes dinner,5,80,Paris,France,90, English,20,100,198
Play with art at Louvre museum,4.95,214,Paris,France,60, English and French,18,30,70
The Ultimate Game Night on Zoom - Party Special,4.94,87,New Delhi,India,60, English and Hindi,17,500,101
Fresh ravioli & chocolate tiramisu',4.92,37,Milano,Italy,75, English and Italian,30,30,175
QuizzZItaly Fun Trivia Game about Italy,5,41,Milano,Italy,75, English,12,100,64
Juggle Troubles Away in Five Minutes,5,31,Croton-on-Hudson,United States,60, English,18,30,375
Ricotta Cheesemaking in Sonoma,4.99,295,Petaluma,United States,90, English,18,15,137
Win the Morning with Liz Gleadle,4.99,155,,Canada,90, English,33,500,178
'Go for Gold' How Olympians Set and Achieve Big Goals,4.93,121,,Bulgaria,60, English,16,500,597
Taekwondo champion full-body workout,5,95,,Germany,60, German and English,31,500,130
High performance with Scott Reardon,5,11,,Australia,60, English,23,500,223
Warm up to win with Kurt Cuoto,5,13,,Mozambique,60, English and Portuguese,22,500,343
Mindful Yoga with an Olympian,4.98,51,,Latvia,60, English Latvian and Russian,25,500,100
Track-star training with Anyika Onuora,5,17,,United Kingdom,90, English,27,500,358
Gold Medal HIIT with Kat Copeland,5,78,,United Kingdom,75, English,21,100,482
Recovery techniques with Neville Wright,5,21,,Canada,60, English,25,500,41
Survive & thrive with Asif Sultani,5,18,,Australia,60, English,49,40,223
Stretching class with an Olympic Gymnast,4.92,25,,United Kingdom,45, English,30,20,250
The Winning Mentality from an Olympic Silver Medalist,5,6,,Bahamas,45, English,30,500,1250
Pilates Dance Experience,,,Culver City,United States,45, English,20,30,225
Trigger Point Therapy with an Olympian,4.98,149,,Latvia,60, English Latvian and Russian,35,500,140
Pilates and Yoga Class,5,6,Edinburgh,United Kingdom,60, English and Italian,28,10,69
Training with an Olympic athlete,5,9,,Brazil,60, Portuguese English and Spanish,18,500,92
Haunted Mansion Escape Room Mystery Game,4.94,589,Surabaya,Indonesia,120, English and Indonesian,20,30,121
Meditation with a Japanese Buddhist Monk,4.93,1640,Osaka City,Japan,60, English and Chinese Simplified,15,30,219
"Edinburgh's Ghosts, Murderers and Monsters",4.98,202,Edinburgh,United Kingdom,75, English,21,100,206
"Solve the Mystery Escape Room, now with Halloween Special",4.94,1626,Krakow,Poland,90, English,18,100,115
International Terror Attack Mystery Escape Room Game,5,23,Bengaluru,India,75, English,16,100,67
'True vs False' Funny Historical Game,4.94,1863,Athens,Greece,60, English,19,500,221
Chocolate Origins & Create with a Maker,4.99,950,Kingston,Jamaica,60, English Catalan and Spanish,15,500,70
Tajmahal Virtual Tour with Local Expert,4.95,77,Agra,India,90, English,5,30,134
Caipirinha classes and stories of Rio,4.99,355,Rio de Janeiro,Brazil,60, English Spanish and Portuguese,12,100,228
A Champion Mindset with Michelle Carter,4.97,115,,United States,90, English,25,500,100
Yoga with Olympic Champion Kat Copeland,5,43,,United Kingdom,75, English,17,500,330
Fall in Laugh,4.94,469,Lisboa,Portugal,30, English French and Portuguese,18,100,401
Fun Italian Gestures and Language Game,4.97,236,Milano,Italy,60, English French and Italian,13,30,82
Scotland Yard- Virtual Crime Scene Investigation Experience,5,16,Norwich,United Kingdom,90, English,35,30,824
Harry Potter's London Virtual Tour,4.99,1195,London,United Kingdom,75, English,17,30,165
Balinese Water Blessing Ritual,4.96,131,Ubud,Indonesia,60, English Indonesian and Japanese,24,10,68
Jack the Ripper-East London in 1888,4.99,458,London,United Kingdom,90, English,14,30,124
Conversations with a Psychic,4.83,115,Hoboken,United States,60, English,52,30,480
Live in the streets of Edinburgh,5,10,Edinburgh,United Kingdom,60, English,18,100,179
Climbing Games & Mindset with Josh Levin,5,41,,United States,60, English,30,500,300
Discover Gay Life in Russia,4.98,103,Saint Petersburg,Russia,75, English,22,30,211
Sneak peek to Kenyan Culture & Tradition,4.95,376,Nairobi,Kenya,60, English,13,30,130
Learn Olympic Climbing with Josh Levin,5,1,,United States,60, English,25,500,250
Fun Travel Quiz With a Pro Travel Writer,4.99,228,London,United Kingdom,60, English,17,30,234
"Love yourself more, end-of-year special edition",5,42,Playa del Carmen,Mexico,45, English and Spanish,17,100,74
Improv Fun & Games with an Emmy TV-Host,4.89,38,Santa Barbara,United States,60, English,40,30,799
Relax Heal & Meditate with Sound Bowls,4.91,94,Joshua Tree,United States,45, English,25,30,199
"Colombian History, Culture & Escobar",4.96,218,Medellin,Colombia,60, English,15,30,67
Live Virtual Bike Ride from Paris,4.33,3,Paris,France,60, English,81,100,289
New habits for the new year and have a better life,5,22,Playa del Carmen,Mexico,60, English and Spanish,22,100,147
Build Mental Resilience with Olympian Lina Taylor,5,10,,United States,60, English,16,500,597
Dive into Japanese Holly Mountains,5,1,Osaka City,Japan,60, English,9,100,53
Cultivating an Olympian Mindset for Everyday Life,4.92,36,,Malaysia,60, English,64,500,482
"Virtual Vesuvius Vulcan hike, Naples area",5,14,Ottaviano,Italy,60, 11 languages,23,30,173
Become a Ramen Expert,4.98,148,Shibuya City,Japan,75, English,13,30,88
Fun & Games Improv Class for Beginners,4.98,205,Mexico City,Mexico,90, English and Spanish,21,30,49
Learn about Brazilian Little Africa,4.97,111,Rio de Janeiro,Brazil,90, Portuguese and English,10,100,92
Learn about Madrid with insider tips,4.94,140,Madrid,Spain,60, English,10,30,148
Talk less and Sign more,4.96,84,Montreal,Canada,75, English and French,21,30,21
Restorative Contact for Pairs & Groups,4.99,134,New York,United States,90, English,38,100,97
Embracing a moment of SlowLife,4.98,388,Florence,Italy,90, 5 languages,25,30,291
Relaxing & self soothing Meditation w/Mexican Healer,4.93,27,Oaxaca City,Mexico,60, Spanish and English,34,30,171
Virtual Mt Fuji Climbing - English,4.91,146,Fujiyoshida,Japan,90, English,15,100,92
Secrets of Bossa Nova,4.92,162,Rio de Janeiro,Brazil,90, English Spanish and Portuguese,12,100,110
Latin America Through its Exotic Fruits,4.95,104,Bogota,Colombia,60, English and Spanish,14,100,27
Season celebrations with LGBTQ history & drag performances,4.92,65,London,United Kingdom,60, English and French,25,100,481
Team building - Quiz challenge in Italy,5,7,Cefalu,Italy,90, English Spanish French and Italian,10,30,59
Prepare a Sicilian Dessert almond pudding from scratch,5,42,Noto,Italy,90, English and Italian,19,30,209
Russian cultural capital's history&life,4.95,115,Saint Petersburg,Russia,60, English,15,30,71
Discover and cook ingredients from ancient Aztec Cuisine,4.99,253,Mexico City,Mexico,90, Spanish German and English,26,100,252
Find Purpose and Meaning in the New Year-Draw a Treasure Map,4.98,49,Alexandria,United States,75, English,39,30,99
Crepes & Hazelnut spread by Notre-Dame,4.98,158,Paris,France,90, English and French,17,100,175
Zen Eating to Enrich Everyday Life,4.99,209,Tokyo,Japan,60, English and Japanese,219,100,771
QuizzZItaly Italian Food Fun Trivia Game,5,12,Milano,Italy,75, English,12,100,64
Gaudís masterpieces & mosaic technique,4.86,44,Barcelona ,Spain,60, English German and Spanish,18,30,59
"Daily Life in Kobe, A Small Fishing Town",4.97,114,Kobe,Japan,75, English,16,30,141
Sprinting through stress with Veronica,4.94,31,,Jamaica,60, English,28,100,280
The Great Pasta Journey,4.99,318,Milano,Italy,175, English,30,98,244
Discover Northern Italy-Gems & Diversity,4.99,94,Milano,Italy,75, English,16,100,76
Millennial & sustainable recipe Portugal,4.98,123,Barcarena,Portugal,90, English Spanish and Portuguese,21,100,111
Team building with Kat'sYoga Brunch Club,4.98,56,Barcelona,Spain,45, English and Spanish,26,30,26
Tasting Florence with a Culinary Guide,5,25,Florence,Italy,175, English and Italian,30,16,105
The Healing Harp Personalized Sessions,5,71,Ashland,United States,60, English,33,30,125
A Spine-chilling Halloween Party for horror enthusiasts,5,15,Delhi,India,60, English,16,100,120
Living Culture w/ Mohawk Interpretation,4.88,17,Cornwall Island,Canada,60, English,10,15,146
"Plan a Trip to Orlando, Florida & Theme Parks",5,3,Orlando,United States,45, English Spanish and Portuguese,8,5,20
Christmas toys from the USSR,,,Saint Petersburg,Russia,60, English,15,10,71
A Fun Game on Italian Idioms & Culture,,,Milano,France,60, Italian English and French,0,30,58
Beginning Sign Language Class,,,Los Angeles,United States,60, English,20,10,350
Murder Mystery Escape Room Game -perfect for Halloween,4.9,138,Krakow,Poland,60, English,18,100,115
Cool Private Georgian Language and Culture Class with Teona,,,Tbilisi,Georgia,60, English,17,5,14
Explore Jaipur The Royal City of India,4.97,448,Jaipur,India,90, English,12,100,83
Māori Cultural Whanganui River Journey,,,Whanganui,New Zealand,60, English,15,30,764
Italian conversation with Elisabetta,5,1,Florence,Italy,60, Italian English and French,18,16,93
Falling in love with New Zealand,5,35,Dunedin,New Zealand,60, English and French,8,10,177
"Kenyan traditions, culture & food",,,Nairobi,Kenya,60, English,10,20,150
Bicycle trip to hidden gems in Tokyo,4.89,18,Tokyo,Japan,90, English Japanese and Chinese Simplified,5,30,6
Learn Basic Spanish,5,4,Madison,United States,60, English,14,,
✨Celebrate Diwali (Festival of Lights) & all about Hinduism✨,4.97,208,New Delhi,India,60, English,10,30,160
"Celebrate Diwali (Festival Lights) and ""ॐ ( OM ) Meditation""",4.99,125,Delhi,India,30, English,1,30,47
Osaka travel guide & Learn Japanese,4.96,27,Osaka City,Japan,75, English,14,30,44
East African Swahili village and culture,5,6,Nairobi,Kenya,60, English and Swahili,16,30,80
Learn Some Jamaican History and Dialect,5,1,Montego Bay,Jamaica,60, English,15,30,10
Discover Hoi An ancient town at night,5,47,Hoi An,Vietnam,60, 5 languages,14,10,110
Learn Swiss German words and phrases,5,6,Luzern,Switzerland,60, English,15,4,49
One day Korean class in English,5,3,Seoul,South Korea,60, Korean and English,20,,
Daily English for children qualified fun Australian teacher,,,Forest Hill,Australia,60, English,23,30,75
Feel Greece,,,Drama,United States,60, English,25,3,14
✨A fabulous day in Africa with a Kenyan✔️,4.96,57,Nairobi,Kenya,90, English,8,100,100
Discover the wonders of Colombia,5,11,Medellin,Colombia,75, English and Spanish,19,30,133
Egypt through Local Eyes,4.82,60,Luxor City,Egypt,45, English,5,20,25
Stories from London's Gruesome History,4.95,192,London,United Kingdom,60, English,14,30,165
Explore the Kingdom of Thieves - Tallinn,5,51,Tallinn,Estonia,90, English,14,30,209
Friendly chat over a cold beer,5,1,Mauricijus,Mauritius,60, English,7,6,40
Plan a perfect Los Angeles Getaway,5,4,Los Angeles,United States,45, English,5,6,50
Through the eyes of a foreign local,,,Seoul,South Korea,60, English,10,30,85
Explore Russia with a local guide,,,Saint Petersburg,Russia,60, English,15,10,43
Storytelling - Cu Chi Tunnels,4.98,50,Ho Chi Minh,Vietnam,60, English,6,10,41
"New Zealand's Story-Beautiful, friendly, innovative & quirky",5,11,Tokoroa,New Zealand,90, English,9,20,85
Sahara show and tell with a nomad,4.93,14,Zagora,Morocco,60, English and French,13,15,23
History & Culture of Transwoman-Thailand,4.93,71,Khet Watthana,Thailand,75, English and Thai,9,30,90
A Live Walk Around Bergen Norway During the Day or Night,4.99,159,Bergen,Norway,60, English,19,30,36
Nashville Trip Planning with Christy,5,28,Nashville,United States,30, English,12,30,29
Scotland Yard Fingerprint Masterclass,5,31,London,United Kingdom,60, English,31,30,688
"Slavery and resistance in the Cape Colony, South Africa",,,Cape Town,South Africa,90, English,14,,
Explore The Beauty Of Body Sign Language,4.96,51,Berlin,Germany,60, English,29,30,387
Pyramids and museum virtual tour,,,Luxor City,Egypt,45, English,25,30,50
Herstory of witches,4.94,16,Paris,France,60, English and French,34,30,464
The Life of Pope Francis in Argentina,5,1,Buenos Aires,Argentina,45, 5 languages,12,30,100
Showing Korea in the small cities,,,Seoul,South Korea,60, English,10,8,85
Astonishing Panoramic Istanbul Views,5,1,Istanbul,Turkey,60, English,18,20,302
Private Streaming from Buenos Aires City,,,Buenos Aires,Argentina,75, English and Spanish,50,30,50
Personal Training Dynamic Yoga Flow plus Rome insider tips,,,Rome,Italy,60, English and Italian,19,20,115
Discover The Trendiest Puerto Madero,,,Buenos Aires,Argentina,45, 6 languages,12,30,100
Revel in New Zealand Rugby history,4,2,Palmerston North,New Zealand,60, English,20,30,510
Digital Entrepreneurs - Virtual Meet Up,,,London,United Kingdom,75, English,14,6,69
Cartagena Colombia’s jewel in the crown,,,Cartagena,Colombia,90, English,16,30,14
To Paris - French bases for Survival,,,Paris,France,60, French,18,6,87
Tokyo Spots and Culture Highlights Tour,4.92,60,Tokyo,Japan,75, English,14,30,132
"Cozy seasonal rituals, magic and traditions",,,Stockholm,Sweden,60, English,24,10,24
In the Bowels of Bangkok's Chinatown,5,1,Bangkok,Thailand,90, English,17,8,60
Plaza de Mayo Square livestreaming exp,5,1,Buenos Aires,Argentina,45, 5 languages,12,30,100
A Live Virtual Bicycle Beach Tour,,,St. Pete Beach,United States,60, English,15,20,105
Follow my life on a modern Dairy Farm in New Zealand,,,Auckland,New Zealand,60, English,0,10,57
The Murky World of Criminal Psychopaths,5,2,Norwich,United Kingdom,60, English,28,30,688
Discover a diversity of deities in Kyoto,4.97,317,Kyoto,Japan,60, English,17,30,53
Magical Tour Heirinji Mini Pilgrimages in a Local Town,,,Takarazuka,Japan,45, English,5,,
"Explore Black Broadway in Washington, DC",,,Washington,United States,60, English,25,30,100
"Life, Landscapes & Conservation in New Zealand",5,19,Wanaka,New Zealand,60, English,8,15,177
Cultural journey around Ukraine,4.99,99,Lviv,Ukraine,60, English,10,20,38
Tales of the most famous cities in Korea,,,Seoul,South Korea,60, English,10,30,85
Learn about Revolution 2014 in Ukraine,5,14,Kiev,Ukraine,90, English and Russian,16,,
Learn About Living or Travelling to Medellin Colombia,,,Medellin,Colombia,60, English,27,10,22
Building the Great pyramid of Giza,4.86,28,Giza,Egypt,30, English,10,30,100
Travel coaching with the expert,4.91,34,Lugano,Switzerland,60, English German Spanish and Italian,38,20,55
Meet Santa Claus in Lapland,4.63,115,Rovaniemi,Finland,30, English Finnish and Swedish,24,30,209
Women and Art in A Night at the Museum,4.96,24,Sao Paulo,Brazil,90, Portuguese English and Spanish,5,30,55
Oxford University Tour Led By Alumni,5,3,Oxford,United Kingdom,60, English,28,10,90
Colourful La Boca and its Tenements,5,1,Buenos Aires,Argentina,45, English German French and Portuguese,12,30,100
Interactively Explore Berlin's History of Sex,4.9,51,Berlin,Germany,25, English and German,37,30,232
One Prague Tour To Rule Them All,5,115,Praha,Czech Republic,90, English,14,30,92
Costa Rica Authentic Experiences Advice,,,Sabanilla,Costa Rica,60, English and Spanish,10,4,40
Bali Coconut Oil & Generation Home Tour,5,4,Ubud,Indonesia,90, English,12,20,13
Organize a Thailand trip with Buay,4.95,22,Bangkok,Thailand,30, English,4,10,45
Mind Mastery with Goldie Sayers,5,13,,United Kingdom,60, English,28,500,344
Jewish Heritage in Argentina,4.33,3,Buenos Aires,Argentina,45, English,12,30,100
Discover Herculaneum with an Archaeologist,5,16,Napoli,Italy,60, English,18,100,105
A perfect way to see Oslo in one day,4.75,8,Oslo,Norway,75, English,12,30,48
Live Elegant Recoleta in Buenos Aires,5,1,Buenos Aires,Argentina,45, 6 languages,12,30,100
Mongolia ; Nomads in Transition,4.96,80,Ulaanbaatar,Mongolia,60, English,15,20,60
Live Colonial San Telmo in Buenos Aires,5,4,Buenos Aires,Argentina,45, 5 languages,12,10,100
A Virtual Tour of London's Bloody Past,5,1,London,United Kingdom,90, English,17,,
Meet the Cassette Tapes Collector,,,Singapore,Singapore,60, English Chinese Simplified and Chinese Traditional,9,20,60
All About Japanese Cuisine for Foodies,4.89,36,Tokyo,Japan,60, English,8,8,44
A Virtual Tour of London's Fiery History,4,4,London,United Kingdom,90, English,17,,
Good Morning Seoul Virtual E Bike Tour,5,1,Seoul,South Korea,175, English,13,10,423
Discover Salem with a Real Witch Virtual,,,Salem,United States,90, English,19,8,111
Battle for Singapore February 1942,5,3,Singapore,Singapore,90, English,12,10,112
Tajweed Al - Quran,5,5,New Cairo City,Egypt,60, English,15,,
Virtual Mt Fuji Climbing - Japanese,5,7,Fujiyoshida City,Japan,90, Japanese,19,30,132
Get to know Malaysia in a fun Game Show,4.93,15,Kuala Lumpur,Malaysia,60, English and French,5,10,8
Discover Dublin's Hidden Past & Present,4.95,78,Dublin,Ireland,60, English,14,100,116
Craft a custom trip to Korea with Jay,5,10,Seoul,South Korea,30, English,19,4,33
Authentic local experience with a Beijinger,5,3,Beijing,China,60, English,12,10,94
Live the dream Work from Bali Get my top tips High value,,,Kec. Kuta Sel.,Indonesia,60, English,13,10,22
Live walking tour -Explore Seoul palace,4.75,4,Seoul,South Korea,60, English and Korean,13,30,94
"Faeries, Folklore, and Fantastic Beasts",5,16,Edinburgh,United Kingdom,90, English and German,17,30,152
Herstory; a Feminist Tour of Britain,5,22,London,United Kingdom,90, English,17,30,165
Tutankhamun's Tomb Virtual Tour,5,1,Luxor City,Egypt,45, English,25,30,100
Discover Sweden Through An Amusing Game,4.97,32,Stockholm,Sweden,60, English,12,30,41
Create your Rome itinerary with Debora,4.63,8,Rome,Italy,45, English Spanish French and Italian,5,30,47
Discover Sunny Fort Lauderdale,5,1,Fort Lauderdale,United States,30, English,5,100,22
Versailles 18th Century Beauty & Gossip,5,5,Paris,France,75, English and French,40,12,232
Zen samurai sword,5,5,Tokyo,Japan,90, English and Japanese,23,12,88
A peek at Malaysian unique culture,4.91,11,Kuala Lumpur,Malaysia,60, English and French,5,10,9
Holiday Joy with Mama Claus,4.82,33,Sykesville,United States,60, English,20,15,100
Dante's Inferno Escape Room,4.96,54,Florence,Italy,60, English and Italian,16,30,116
Greece expert trip advisor,5,8,Athens,Greece,60, English,18,10,53
This holiday attend an exotic Indian Wedding,5,53,Delhi,India,60, English and Hindi,17,100,40
True Stories of Atomic Bomb Survivors,5,2,Hiroshima City,Japan,60, English,9,20,62
Cape Towns Gem-A Tale of Trial & Triumph,4.95,41,Cape Town,South Africa,60, English,14,30,110
Discover the Wonders of Argentina,,,Buenos Aires,Argentina,45, English German and Portuguese,12,30,100
Venice Jewish Ghetto live virtual tour,5,2,Venice,Italy,60, English,18,8,93
Adventure in the Malaysian Jungle,5,4,Kuala Lumpur,Malaysia,90, English,20,10,77
Tales of Dubai-Ancient & Modern,4.94,49,Dubai,United Arab Emirates,60, English,25,30,55
My Story of Old Kuala Lumpur- Early Days,4.88,26,Kuala Lumpur,Malaysia,60, English,5,10,8
"India, More Than Taj Mahal",5,6,New Delhi,India,90, English,1,20,40
Authentic Tour of South African Cultures,4.82,11,Durban,South Africa,60, English,21,30,185
Art & Soul of Black Broadway,4.99,95,Washington,United States,60, English,20,30,100
Sing & dance with Argentinian feminists,5,8,Buenos Aires,Argentina,120, English,8,6,54
Discover the night sky from a big city,5,3,Los Angeles,United States,60, English,30,5,150
Jambo explore Kenya & hakuna matata,5,10,Nairobi,Kenya,75, English,10,30,200
"Visit Colombia’s ""must sees"" with locals",4.96,26,Bogota,Colombia,75, Spanish and English,14,30,131
Harmony walk Kampong Bharu Kuala Lumpur,5,2,Kuala Lumpur,Malaysia,60, English and Malay,19,30,145
Working in the Tech World without Coding,5,5,Braga,Portugal,60, English and Portuguese,35,15,58
Broadway Backstage with The Dressers,4.99,165,New York,United States,75, English,25,20,100
Balinese Life & Offering Experience,5,6,Bali,Indonesia,45, English,12,20,13
The Locals' Guide to Dublin,5,39,Dublin,Ireland,75, English,12,30,76
From Prisoner to President,,,Drakenstein Municipality,South Africa,90, English,103,30,411
The Great American Road Trip Race,4.87,30,Austin,United States,60, English,12,100,99
Join Us for Tea & Stories in Old Fes,5,5,Fes,Morocco,90, English,21,10,100
Discover Italy with a local insider,5,9,Venice,Italy,30, English,24,10,58
Learn How To Launch A Podcast,5,12,Chicago,United States,120, English,300,10,1500
Plan The Perfect Barcelona Vacation,5,1,Barcelona,Spain,45, English,18,10,58
The Art of Accepting Help,5,16,New York,United States,60, English and Spanish,25,10,30
The Queen of the Roads - The Appian Way,5,12,Rome,Italy,75, English and Italian,18,30,105
Learn about WW2 in Prague with Historian,5,56,Praha,Czech Republic,75, English,21,30,183
Walk Japan's Unesco Trail Kumano Kodo,5,9,Tanabe,Japan,75, English,18,30,97
El bar del tango,4.97,29,Buenos Aires,Argentina,90, Spanish and French,12,8,40
Behind the Scenes of Olympic Gold,,,,Australia,60, English,37,500,743
Exploring a Former Communist Prison,4.98,53,Bucharest,Romania,90, English and Romanian,15,30,94
"Portugal's History, Interactive Show",5,49,Sintra,Portugal,60, English Spanish and Portuguese,19,30,116
Custer's Last Stand A Native Perspective,5,29,Crow Agency,United States,90, English,15,10,150
Sunset Hike with a Geologist,4.96,102,Nakhon Sawan,Thailand,75, English,11,100,90
Self Compassion Meditation,5,13,Vancouver,Canada,60, English,25,30,203
Authentic food from Bali and Java,4.96,72,Kuta Selatan,Indonesia,120, English,12,25,43
Learn About Space with an Astronomer,4.95,193,Bergen,Norway,60, English,14,100,143
"Vivi con me una giornata a Lecco, Lago di Como",5,3,Lecco,Italy,60, English,12,10,70
Rome Downtown-Virtual Walk/live guide,4.96,23,Rome,Italy,60, English and Italian,18,30,105
Dark Tales of Medieval Dubrovnik,4.94,101,Dubrovnik,Croatia,90, English,20,30,116
Miso soup - Japanese soul food,5,2,Tokyo,Japan,175, English,18,,
"Art and Power, Villa Farnesina in Rome",5,13,Rome,Italy,75, English and Italian,18,30,116
"San Sebastian, a journey back in time",5,11,Donostia,Spain,60, English Spanish and French,14,8,87
Home-style Veggie Ramen Cooking,5,1,Tokyo,Japan,60, English,40,,
GUCCI元No1による世界の富裕層を虜にした独自のコミュニケーションを学ぶ,5,4,Tokyo,Japan,90, Japanese,44,2,44
Secrets and curiosities of Jewish Krakow,5,14,Krakow,Poland,60, English,13,30,102
✅Barcelona tours & attractions,4.92,158,Barcelona,Spain,60, English Catalan and Spanish,18,30,35
"Mystical, magical Northern Lights",4.93,123,Yllasjarvi,Finland,60, English and German,17,45,87
Travel to Korea with professional guide,4.95,42,Seoul,South Korea,90, Korean and English,13,30,60
Inner Cowgirl/boy Game,5,20,Albuquerque,United States,60, English,14,20,160
African Cuisine In Quarantine,5,18,Caledonia,United States,120, English and French,50,30,400
Have Dinner Talk with A Perfect Stranger,5,3,Berlin,Germany,60, English and German,29,4,174
Heroines and their Handwriting,5,3,London,United Kingdom,60, English,21,30,104
Celtic Ceremony of Love and Promises,5,2,Glasgow,United Kingdom,60, English,69,2,138
Art Sushi Roll making in Kyoto Style,5,4,Kyoto,Japan,60, English and Japanese,25,30,232
Discover the Olympic force in you,5,4,,Brazil,60, Portuguese and English,16,30,165
Be the Media Launch a Podcast,,,Vancouver,Canada,180, English,195,3,243
Ukulele Lessons With Gold Record Musician,5,17,Kula,United States,60, English,45,19,250
Fun body percussion from Sydney,4.93,41,Sydney,Australia,30, English,9,30,41
Learn to Drum with an LA Musician,,,Los Angeles,United States,60, English,10,10,80
Compose Melodies with a Nashville Musician,5,6,Nashville,United States,45, English,12,30,75
Learn to play Ukulele in an hour,5,4,Sydney,Australia,60, English,26,30,49
Drumming meditation and African folk songs,4.95,44,Nairobi,Kenya,60, English,20,20,50
Classical music appreciation meeting,4.95,19,Vienna,Austria,120, English and Italian,18,30,93
GuitarLesson w a world touring Guitarist,5,22,Athens,Greece,75, English and Greek,35,4,58
Simply Relaxing Harp Music,,,Ashland,United States,45, English,14,30,100
Sing Like A K-Pop Star With Coach Zen,5,3,Long Beach,United States,60, 5 languages,20,30,250
Write & Take Home a Song from Nashville,5,110,Nashville,United States,120, English,175,4,175
Look magic Mongolia,4.87,15,Ulaanbaatar,Mongolia,45, English and Russian,13,30,25
Lesson with Multi Platinum Guitarist,5,8,Latham,United States,60, English,63,,
Sing Songs with a Broadway Star,4.99,175,New York,United States,60, English,50,30,500
Create a personal music song and get it,5,6,Athens,Greece,120, English,140,4,186
The Power of Inclusion with Carly Tait,5,9,,United Kingdom,60, English,44,500,688
No hurdle is impossible to overcome,5,4,,United Kingdom,60, English,35,500,688
Learn Self Defense With a Champion,5,14,,Syria,60, English and Arabic,25,30,20
Steps to success with Neville Wright,5,4,,Canada,60, English,21,500,81
Goal setting with a Gold Medalist,4.97,64,,Canada,60, English and French,41,500,526
Olympic parent coaching with the Carters,,,,United States,45, English,25,,
Power of adaptability with Vanessa Low,5,39,,Australia,60, English and German,22,500,223
Motivation with Jacob Templeton,4.83,6,,Australia,45, English,23,500,23
Finding Confidence with Hugh Hutchison,5,11,,United Kingdom,60, English,43,500,283
Shaping Destiny,5,6,,Afghanistan,60, English,30,30,25
Corporate Mindset Through Sport,5,3,,Canada,60, English,20,500,243
Focusing at Eighty-Eight mph Headfirst,5,65,,Canada,60, English,21,100,81
Game Night or Day with an Olympian,4.92,13,,United Kingdom,75, English,20,500,400
Cultivating Optimism with Deena Kastor,4.94,368,,United States,60, English,25,500,200
Experience the life on one foot,5,2,,Guatemala,75, Spanish and English,15,30,110
Positivity with Scott and Vanessa,5,2,,Australia,60, English,30,500,557
Creating perfection with Marga Crespi,5,12,,Spain,60, English Catalan and Spanish,25,100,100
Daring to Dream,4.93,44,,Syria,90, English and Arabic,35,30,29
Experiences and advice from an Olympian,5,3,,United Kingdom,120, English,28,25,138
The art of recovery with Liz Gleadle,4.92,13,,Canada,60, English,21,500,178
Olympian poise with Tasha Danvers,5,20,,United Kingdom,60, English,29,500,600
Life at the Games with Jacob Templeton,5,1,,Australia,45, English,23,500,23
Private yoga & meditation with Olympian,4.97,30,,New Zealand,90, English,135,500,135
Personal performance and development sessions,5,1,,United Kingdom,60, English,137,12,688
Be a daily champion with Janeth Arcain,5,41,,Brazil,60, Portuguese,19,500,169
Living the Paralympics with Benoit Huot,5,13,,Canada,60, English and French,44,500,500
Japanese bento box for lunch & dinner,5,71,Nara City,Japan,75, Japanese and English,18,30,158
Make Japanese Omurice,,,Nara City,Japan,75, English and Japanese,18,30,158
Live Like Animals,5,234,Beijing,China,45, 18 languages,1,30,175
Aurora Hunting in Iceland,4.94,343,Reykjavik,Iceland,90, English,25,30,250
Refresh and Reset Mindset Strategy Session With Michele,,,Ithaca,United States,60, English,97,3,147
"Learn to read the stars, personalized Astrology class",,,Barcelona,Spain,90, English Spanish and French,29,10,24
Samsara group yoga classes,,,Belgrade,Serbia,90, English,12,10,12
Create a Bucket List of Dreams for Intentional Living,5,1,New York,United States,60, English,14,10,160
"Numerology, Soul Desire & Oracle Reading",4.97,74,Mascota,Mexico,60, English and Spanish,39,3,44
Reset with a mid-day intuitive meditation All levels welcome,,,New York,United States,30, English,10,6,30
Namaste- All level Vinyasa Yoga Flow,,,Charlotte,United States,60, English,18,30,199
Meditation on Scent,,,New York,United States,60, English,15,15,100
"Vedic Astrology, your Astral Chart",4.97,414,Lima,Peru,60, Spanish and English,66,,
Relax and Breathe Yoga Flow,,,Playa del Carmen,Mexico,120, English,17,10,45
Tune in to Yourself with an Intuitive Psychic,,,Santa Cruz,United States,45, English,55,10,110
Blissful Relaxation,,,Athens,Greece,60, English,29,6,105
Arrive here with guided breath work,,,Bozeman,United States,60, English,20,10,50
Meditation Theory and Practice,,,Rosarito,Mexico,60, English,15,20,25
Forest Bathe in Kyoto's Sacred Mountain,4.99,630,Kyoto,Japan,75, English,20,,
Green Witch Tarot Reading,5,49,Seattle,United States,45, English,52,2,65
Palm reading one-on-one or couples/group,5,91,Roswell,United States,30, English,39,10,65
Intuitive Tarot Reading and Meditation,4.94,279,Toronto,Canada,60, English,81,10,100
Practice Restorative Yoga in Costa Rica,,,San José,Costa Rica,60, English and Spanish,10,10,32
Cozy yoga & peaceful meditation with nat,,,Wroclaw,Poland,60, English,20,6,51
Flow into peace with Vinyasa Yoga,5,39,Sydney,Australia,75, English,8,10,38
Learn Blackjack From a Professional Card Counter,5,9,Fremont,United States,60, English,19,10,35
"HeartMindBody with Movement, Breath & Intuitive Reading",,,Sayulita,Mexico,175, English,19,4,25
Master Emotions Like A Boss,5,1,New York,United States,45, English,8,30,40
Yog Nidra meditation for deep relaxation and healing,5,1,Delhi,India,60, English,23,30,28
Pranic Healing Session,,,Rio de Janeiro,Brazil,60, English and Portuguese,14,1,14
Yoga for Hip Pain & Tightness-ONE-TO-ONE,4.78,9,Guangzhou,China,60, English,10,,
Body-mind connection class for everyone,5,9,New York,United States,60, English and Spanish,10,30,5
Find stillness with a private bespoke meditation session,5,2,New York,United States,45, English,15,3,75
Non verbal Playground,5,5,Hamburg,Germany,60, English German and Spanish,14,20,14
Breathwork & Meditation Morning Session,4.92,13,Carvoeira,Portugal,60, English,38,30,302
The Yogi Doc,,,Jacksonville,United States,60, English,25,10,300
K-Beauty Get Camera Ready with a tv host,4.97,182,Yongsan-gu,South Korea,60, English and Korean,17,4,119
Mind Full to Mindful with Breathwork,5,12,London,United Kingdom,45, English,16,30,153
Rejuvenating Yoga session,,,Venice,Italy,45, English and Hindi,18,15,116
Healing the Body with Intuitive Touch &Soothing Self-Massage,,,Phoenix,United States,90, English,25,6,100
Melt away stress with a guided wellness session,,,Other ,Australia,60, English,29,30,67
"Morse Code, war-themed escape room",4.95,37,Bedford,United Kingdom,90, English,20,10,241
Skincare and Natural Cosmetics Workshop,4.96,267,Milano,Italy,60, English and Italian,18,100,105
Tarot reading and Manifesting,4.94,32,Dubai,United Arab Emirates,45, English,64,100,96
Roll & Release - Self Massage Techniques,,,Byron Bay,Australia,90, English,19,30,297
Connecting through Improv,5,2,San Francisco,United States,90, English,50,100,900
Supporting immunity with herbal medicine,,,Woodbridge,United Kingdom,60, English,17,10,50
Unlock the meaning of your dreams,,,Paris,France,60, English,29,,
Get a glimpse into the future by gypsy cards reading,,,Prague,Czech Republic,45, English,51,,
Personalized Facial Yoga and Meditation,4.99,116,Barcelona,Spain,60, English and Spanish,29,29,58
Heal the Body with Reiki,5,27,Kennesaw,United States,60, English,25,10,300
Self Love Tarot Readings,4.91,46,Barcelona,Spain,30, English and Spanish,34,1,55
Positive Side of Tarot’s Negative Cards,,,Adelaide,Australia,60, English,15,,
Sacred cacao ceremony,,,Milano,Italy,90, English,93,30,99
One to One Yoga with Sufi Teachings,5,6,Istanbul,Turkey,60, English,9,3,11
Get to Know the World of Therapeutic Tarot,4.98,55,Playa del Carmen,Mexico,60, Spanish English and French,42,2,43
Astrology to Improve Emotional Health,4.97,37,Miami Beach,United States,60, English,50,9,250
"Cultivating Kindness, Mindfulness Taster",,,Saltash,United Kingdom,120, English,21,24,55
Tarot Reading and Guided Meditation,5,3,Delhi,India,60, English and Hindi,13,30,22
Spiritual Guidance Readings,5,1,Cambridge,United Kingdom,60, English,14,1,14
Yin Yoga Chill,5,1,Dublin,Ireland,60, English,9,10,174
Moon Manifestation Ritual,,,South Bend,United States,60, English,30,10,40
Chakra Healing and Guided Meditation,4.88,8,Delhi,India,60, English,28,30,32
Breathwork Group Session with Embodied Movement,,,Playa del Carmen,Mexico,90, English,32,10,50
Life-changing tarot & oracle reading,,,Milano,Italy,60, English,116,1,116
Self-Care Strategy Session,,,Sydney,Australia,60, English and Spanish,78,,
"Celebrate Diwali (Festival of Lights) and ""Supreme Silence""",5,12,New Delhi,India,30, English,1,30,47
Mind-Body-Breath for Neurodiversity,4.92,26,Seal Beach,United States,75, English,60,6,150
Dream Workshop,5,4,Istanbul,Turkey,60, English and Turkish,27,5,54
Explore Power of the Breath Masterclass,4.97,64,London,United Kingdom,60, English,16,30,153
Discovering Yourself with the Enneagram,5,6,St. Simons Island,United States,60, English,30,30,100
Una cita con el tarot,,,Mallorca Other,Spain,60, English Spanish and French,47,2,70
Somaticsyoga with Aromatherapy,,,Mumbai,India,60, English and Hindi,34,3,67
Green Therapy - Starter Pack,5,5,Lisbona,Portugal,60, Italian and English,10,5,12
Own clear and healthy skin,,,Singapore,Singapore,120, English,89,30,0
Manifesting Desires w/Alchemy and Tarot,,,Los Angeles,United States,90, English,66,6,333
⭐️ Mayan Natal Chart Reading,4.94,32,Tulum,Mexico,90, English and Spanish,66,4,192
Meena Yoga Pranayama & Meditation Class,5,3,Dehradun,India,60, English and Hindi,10,10,40
Astro-Based Qigong-Relaxation-Meditation,5,4,Santa Fe,United States,60, English,12,,
Samsara private yoga class,5,1,Belgrade,Serbia,75, English,23,1,23
Tell A Story With Tarot,5,5,Jersey Shore,United States,60, English,25,1,35
Yoga Nidra & Pranayama with Indian Guru,4.8,5,Kochi,India,60, English,10,10,54
Meditation and Tarot for well-being,5,3,Cluj-Napoca,Romania,60, English,29,5,106
Soul Discovery Meditation & Affirmations,,,Palmerston North,New Zealand,75, English,18,15,142
A Meditative Journey to Find a Treasure of Inner Peace,,,Cocoa Beach,United States,60, English,12,10,80
Sacred Healing Ritual,5,1,Toronto,Canada,60, English,41,,
Private Yoga Advisory,5,66,Barcelona,Spain,60, English and Spanish,47,30,93
Learn the Secrets to a Happy Pregnancy,5,7,Paris,France,60, English French and Italian,174,12,290
Traditional Healing & Houseplants,5,19,New York,United States,60, English and Spanish,25,30,75
Group Guided Meditation for Relaxation,4,1,Sydney,Australia,60, English,14,20,134
"The I Ching Wisdom, Lessons and Practice",4,4,Milano,Italy,90, English French and Italian,6,10,58
Heal with Energy Alignment of the Sacred Fire,5,6,Rio de Janeiro,Brazil,90, English,65,,
Tarot Made Simple,5,1,Adelaide,Australia,120, English,35,8,186
"Yoga and Wellness for Mind, Body & Soul",,,Dehradun,India,60, English and Hindi,10,10,34
Meditate to heal and connect Hearts,5,3,Istanbul,Turkey,60, English,29,5,98
Simple Wall Yoga to Fix Bad Posture,5,3,George Town,Malaysia,60, English Chinese Simplified and Chinese Traditional,18,10,39
Magic and spirituality,5,4,Stockholm,Sweden,60, French and English,24,10,24
Get a Tarot Reading w/a Reiki Master,5,2,Kennesaw,United States,60, English,25,5,300
An introduction to Herbal Medicine,5,1,Woodbridge,United Kingdom,60, English,17,15,50
Healthy & Sustainable Quinoa Burgers,5,1,Mexico City,Mexico,60, English,25,10,148
Energy Healing Oasis,5,15,Folsom,United States,60, English,30,15,60
Heal Stress Through Art Therapy,4.99,76,barcelona ,Spain,60, English and Spanish,41,20,41
Practice Vinyasa Yoga in Costa Rica,5,5,Escazú,Costa Rica,60, Spanish and English,10,10,32
Scrittura creativa come terapia,4.96,28,Rome,Italy,75, Italian,15,3,35
Unique Personal Numerology Consultation,,,New York,United States,120, English,250,1,350
Learn how to meditate - private session,5,1,Olimpia,Brazil,90, English and Portuguese,22,,
Learn Love Language Using Astrology,4.98,41,Miami Beach,United States,60, English,50,9,250
Emotional time with flower remedies,5,14,Rome,Italy,60, English and Italian,17,20,128
Pets & Parents Wellness with Reiki,5,8,Traverse City,United States,60, English,17,4,35
"Nasi goreng de Bali, en français",5,2,Ubud,Indonesia,60, French,23,6,45
Légumes verts à l'indonésienne,5,1,Ubud,Indonesia,60, French,23,6,45
Astrology Natal and Horoscope Reading,5,20,Miami Beach,United States,60, English,199,,
Discover Life Purpose Using Astrology,5,8,Miami Beach,United States,60, English,50,9,250
Easy Vegan Cooking,5,49,Atlanta,United States,90, English,25,30,150
Feel Renewed with Sound-Healing Bodywork,5,3,London Borough of Ealing,United Kingdom,60, English,53,2,83
Shamanic Energy Healing Session,,,Sydney,Australia,90, English,132,,
Magical Soy and Japanese Vegan,4.95,19,Moroyama,Iruma-gun,75, English and Japanese,44,2,88